,COUNTYID,COUNTY_PriceChange
0,06037,0.025076733867734863
1,17031,0.01888249574675511
2,48201,0.01447412459194513
3,04013,0.02624380511038167
4,06073,0.024090082297927893
5,06059,0.014339884051127511
6,36047,0.01195426359775745
7,12086,0.012692930383162439
8,48113,0.011331247221665345
9,36081,0.009399088339236977
10,06065,0.024105528484248077
11,06071,0.023615125760386557
12,32003,0.02332284493999939
13,53033,0.028326727753133104
14,26163,0.02261402510971707
15,48439,0.01600447582798579
16,06085,0.034619981172657556
17,12011,0.010216305803610869
18,48029,0.011925731851128184
19,36061,9.461215324645836e-06
20,42101,0.024528861697120992
21,06001,0.025050439631483516
22,25017,0.018569629226861954
23,36103,0.017919253227682633
24,06067,0.024592377713313993
25,36005,0.0013354924870483036
26,36059,0.014591636830372222
27,12099,0.01956398155280694
28,39035,0.029537769322103332
29,12057,0.018391201103873184
30,42003,0.03260214569312646
31,26125,0.016431533424496103
32,39049,0.021933911895470518
33,27053,0.01510848999261252
34,12095,0.010016533873059764
35,51059,0.016320884734488672
36,06013,0.03465883296333334
37,49035,0.02082585102822142
38,48453,0.022198931975844688
39,29189,0.02751436889228449
40,04019,0.020667960761204893
41,24031,0.015472172263421125
42,15003,0.005018248175182482
43,36119,0.011987982754472328
44,55079,0.027622141455726737
45,06019,0.02733052536954205
46,47157,0.02129385651795797
47,13121,0.011889331605139776
48,37119,0.02069088863137578
49,36029,0.02598857458375807
50,17043,0.013635553443051512
51,09001,0.024975118333932986
52,12103,0.026165522530836885
53,34003,0.01099160926140439
54,18097,0.02229538924444773
55,37183,0.014072901735326217
56,09003,0.018445362829707063
57,12031,0.01804294132519108
58,24033,0.021006052283746548
59,09009,0.029487184815450537
60,26099,0.02431320699280153
61,06029,0.021834901535848314
62,06111,0.018565271231509126
63,34023,0.02633047565363464
64,13135,0.017302795006796132
65,06075,0.0028095861337611343
66,24005,0.019720402255066282
67,39061,0.022057673836806718
68,48141,0.02291720887192389
69,42091,0.019094268436102704
70,25027,0.025769134567283643
71,53053,0.02807650362818382
72,34013,0.019992474306813106
73,48085,0.013920452139447304
74,48215,0.01634918733277425
75,36055,0.02059986816084377
76,25009,0.0167866591313037
77,21111,0.02009105358153067
78,41051,0.027746413313485388
79,25025,0.01943946965305283
80,40109,0.01387434554973822
81,06081,0.00546699362770844
82,53061,0.028895895554904183
83,17097,0.0157115743408513
84,13089,0.02197750239633436
85,13067,0.010550951503990179
86,06077,0.026608336309371972
87,17197,0.012955154901402864
88,29095,0.02530937395481772
89,25021,0.01815298204069849
90,48121,0.014064615742811452
91,35001,0.020978555254628602
92,01073,0.017826272718309395
93,34017,0.012486531026177347
94,34025,0.0263275155346973
95,47037,0.015545243619489559
96,44007,0.02468260594196223
97,42017,0.019432866108845412
98,08041,0.015964033577208058
99,24510,0.023176394097210822
100,12071,0.00902566199775074
101,40143,0.01532200592625933
102,26081,0.03411346910833476
103,12105,0.024360808385569744
104,11001,0.0097698117070789
105,08031,0.00898040188538824
106,48157,0.0038138634651163623
107,34029,0.031020558618031935
108,08005,0.014562919341603513
109,42045,0.017457942413458428
110,25005,0.02526679221594476
111,20091,0.016773093842816725
112,12009,0.022460469831956337
113,39153,0.017708007098862093
114,10003,0.017845358449601504
115,24003,0.01779521883634325
116,34039,0.015364048127381926
117,39113,0.028775248477075986
118,08059,0.019057761189033576
119,41067,0.017627987737052007
120,42071,0.016602694609551976
121,31055,0.01622023375790609
122,49049,0.021950713868748535
123,17089,0.008222065196524922
124,06099,0.020514977200780042
125,34007,0.029420704221724235
126,27123,0.02198834524134782
127,34031,0.021390754555995536
128,42029,0.0118631003059106
129,20173,0.01963994491931441
130,18089,0.013172291894621664
131,25023,0.01649752205513072
132,12127,0.010348004185709558
133,34027,0.016566119159804483
134,37081,0.020154109780819156
135,55025,0.018412533050249567
136,06097,0.018107191943443627
137,53063,0.0307731477552406
138,36085,0.00012206008270936947
139,36067,0.02547164598770927
140,12101,0.020565223843174177
141,25013,0.019597140773667872
142,48339,0.007713874644925665
143,45045,0.01811775883455174
144,34005,0.01984400982190645
145,06107,0.022160421912385535
146,39095,0.0271040237083032
147,08001,0.01796189745556834
148,22033,0.007040672751063492
149,51810,0.013919712903813334
150,42133,0.013943866488970223
151,22051,0.014965467837331471
152,47093,0.01909519434531092
153,19153,0.011124928578630726
154,26049,0.018851531413134743
155,53011,0.018900860622005168
156,06083,0.018219418301193863
157,12117,0.012227540460895315
158,48491,0.01688431686583713
159,32031,0.02314186585399752
160,06053,0.019357126201435492
161,06095,0.008730732177263969
162,01097,0.020346720863920403
163,42011,0.01763438051074391
164,48061,0.02903272256020735
165,51153,0.021155208812722346
166,33011,0.025524472254178476
167,27037,0.018238765493401577
168,16001,0.02429159648643753
169,55133,0.011526256317958226
170,45079,0.018277997591605023
171,05119,0.009277086271383898
172,12115,0.02383795733549428
173,41005,0.02026408057987712
174,04021,0.029285547408157326
175,39151,0.020891633696805943
176,36071,0.01691120672190422
177,39017,0.02023767561307216
178,34021,0.025944250980886503
179,42129,0.017402269861286256
180,29183,0.0195302892853543
181,18003,0.012803371788015381
182,41039,0.019714256096296793
183,37067,0.021232671326090465
184,45019,0.011504283449117643
185,42077,0.01487235999672134
186,06061,0.02217714646654535
187,26161,0.012493118197603015
188,22071,0.008083809715681584
189,48355,0.017808203535376606
190,47065,0.017648095219451078
191,01089,0.028377156223513313
192,12083,0.010620205079822231
193,27003,0.019729276983574906
194,34035,0.013912663610312466
195,12081,0.011184973413053547
196,12021,0.020424822411726905
197,42079,0.01534350701618993
198,37051,0.019643746520962117
199,29510,0.02683660486427253
200,51041,0.015196575419623748
201,41047,0.019301533721261126
202,48039,0.007395872281503334
203,51107,0.017512507673960752
204,36087,0.010433755495767439
205,48027,0.01862741066655701
206,17111,0.018500847230892715
207,51087,0.007973973197309744
208,49011,0.026625584136740623
209,36001,0.018217189859808698
210,39093,0.02318953075159792
211,08069,0.008666619971515958
212,42095,0.030837405530093787
213,12033,0.008649306791945692
214,36027,0.022737087174480388
215,12069,0.012702458622057546
216,21067,0.015906695839969
217,17201,0.009462902739128977
218,33015,0.019240419441143818
219,08013,0.012060030096775167
220,02020,0.0017667083207652864
221,48167,0.013393837989487739
222,34015,0.02447030460382957
223,24027,0.010548427656678981
224,08035,0.013967708946010248
225,31109,0.022410668916522054
226,45083,0.01504340236825966
227,23005,0.015269171964271345
228,26065,0.02009846317610272
229,42049,0.02026084935804334
230,48303,0.019586251832546017
231,12111,0.01175416133162612
232,12073,0.015235282370376598
233,29077,0.02075656397498488
234,18057,0.014442953190490241
235,34001,0.029001520477557066
236,09011,0.02572832390706511
237,17163,0.019982004312174253
238,06079,0.014939216064637008
239,45051,0.013657854159646274
240,17119,0.013567407246792068
241,12097,0.0047117573261083665
242,42043,0.015589880659822508
243,37063,0.011531962560042528
244,18141,0.014493259030388417
245,13051,0.008731132193546771
246,26139,0.013046181717689686
247,47149,0.009862949778356452
248,45063,0.011623545047265867
249,06087,0.0321682440820522
250,13063,0.01757296721832787
251,06047,0.021920472185735486
252,40027,0.01299595731099589
253,22017,0.012305160991064318
254,08123,0.008785080880310155
255,06041,0.031421554944105486
256,48245,0.014744974581784014
257,53067,0.03382042662033165
258,53035,0.029742100102013846
259,26077,0.02002986212592922
260,48479,-0.009715782394789934
261,55009,0.024588893138055422
262,12001,0.010981512572040096
263,28049,0.007170524762519598
264,24025,0.014616538624794652
265,53077,0.016270026061452742
266,51710,0.014198660205112448
267,39099,0.030225611194088516
268,37021,0.015094364441755156
269,27163,0.010404128771643465
270,42041,0.009380472126787099
271,48309,0.016869541453638653
272,36065,0.010272138649530207
273,22103,0.018439540604151552
274,24021,0.016978184725608976
275,49057,0.023637514388123525
276,39085,0.019349454877287352
277,01101,0.01833816825528388
278,45091,0.028305779546567635
279,51550,0.012442637592780807
280,29047,0.01984592622825366
281,22055,0.010709571230523659
282,05007,0.021127695314466705
283,06007,0.022193424466942262
284,36091,0.02405495737916076
285,29099,0.013831953080602713
286,36063,0.01942739005137201
287,25001,0.025495982948024267
288,42069,0.029695181907571287
289,13057,0.014266659517138758
290,39165,0.012478828959476928
291,19113,0.0056984695538912404
292,04025,0.021632813671113776
293,39155,0.020380117232417474
294,48423,0.017503813466986273
295,35013,0.022028182385181342
296,42125,0.011310152990264256
297,51013,0.005633442842918528
298,37071,0.02216302955971105
299,51760,0.010775835857019496
300,13151,0.018182600546960165
301,41029,0.020240786658887594
302,05143,0.016939801076631723
303,37129,0.010576397123337458
304,37179,0.013053748017922586
305,53073,0.020155261577975016
306,17019,0.01677303334324887
307,06113,0.007746039345776014
308,36007,0.024940248174704516
309,13245,0.029085978219416078
310,27137,0.01249621802446724
311,04015,0.024178378210310304
312,26145,0.020002606856031363
313,18039,0.011218525963538338
314,17167,0.006516413522782949
315,39025,0.020326468671264725
316,10005,0.021245305727093395
317,23031,0.022194109410695422
318,04027,0.024867287955644687
319,55101,0.010776624422136297
320,01117,0.010924179065771986
321,48041,0.01157765637194782
322,01125,0.005800134705623681
323,54039,0.008159934720522236
324,22019,0.0015296402564233303
325,12019,0.0066919279705207535
326,12109,0.009196798927389283
327,09005,0.02817379762648345
328,13215,0.009636780240050956
329,16027,0.03995306213679035
330,45007,0.014843817693440776
331,28047,0.01171153361101075
332,17143,0.010195529349122929
333,15001,0.003109669251463839
334,42019,0.012958776734364436
335,47187,0.016395321469868916
336,36111,0.03500415525254701
337,01003,0.01860285066830208
338,06017,0.0395858192519186
339,26093,0.014007866687499575
340,12091,0.019594450542074968
341,51700,0.018365119783817493
342,18163,0.014923517884823491
343,13139,0.014692943504248438
344,37025,0.014651690811549357
345,20177,0.0180622009569378
346,45015,0.01872208195766168
347,37133,0.009977955009752888
348,06089,0.022758707847418715
349,55087,0.018926342072409487
350,13117,0.01184175956161093
351,53005,0.008362446353248891
352,06025,0.04269767292877849
353,39041,0.01183140598182381
354,18157,0.013330036657600809
355,12053,0.022619935371613224
356,39103,0.014436368694684495
357,47125,0.022625511125787937
358,26121,0.021320531369196368
359,42007,0.018148301827754384
360,42089,0.02857142857142857
361,17113,0.011230865059740651
362,46099,0.01392584748663785
363,37101,0.01652262442424215
364,12005,0.006673595536349215
365,37147,0.014877962696494992
366,24013,0.01593147775325456
367,55139,0.019090636853663405
368,39089,0.018089040506837142
369,55059,0.010811855861751015
370,44003,0.014254446876354061
371,09007,0.027192775895078476
372,19163,0.0022951093306626605
373,18127,0.014468016657432397
374,26147,0.019636982984621035
375,37057,0.01941710341301291
376,29019,0.010784665689917818
377,10001,0.015659491690277836
378,45013,0.012277367340057018
379,39057,0.01044069877484206
380,39133,0.011051043227165158
381,28033,0.024387632959311775
382,47165,0.018544161267518382
383,55105,0.022978980795402993
384,26075,0.007425303099477502
385,45003,0.0203990676776863
386,12015,0.015036332653475662
387,21117,0.014180649139032017
388,37097,0.02080798918272797
389,36083,0.016014279608819168
390,08101,0.025961398707944287
391,31153,0.014100686367421959
392,25015,0.01466220798353717
393,41017,0.017724988367759365
394,20209,0.017031145398323184
395,48209,0.018065303631370155
396,34011,0.03870092840502104
397,47163,0.019494331513277636
398,26021,0.003082201881765359
399,50007,0.007573082543154801
400,13021,0.008356483555874183
401,15009,-4.365576164517442e-05
402,36093,0.015103014157733043
403,37035,0.013242201814487025
404,42027,0.004840436924394945
405,23019,0.02113619960820703
406,22073,0.012533870532990963
407,06031,0.027609400487343175
408,09013,0.024848936073942143
409,26115,0.01693281938325991
410,12113,0.02020678260289062
411,37001,0.010585645090268605
412,48251,0.007663238782139051
413,06039,0.0201606210771977
414,27145,0.01302345758790382
415,38017,0.006178126273251125
416,42055,0.025591157872363036
417,48139,0.009305872776271802
418,34037,0.01890837832126184
419,42107,0.007999908047033943
420,30111,0.018923626821102164
421,17161,0.0001261624972965179
422,24043,0.01926114221096605
423,08077,0.011147600471740906
424,24017,0.015148510090993232
425,33013,0.023951229742336256
426,12085,0.02352481050268959
427,39045,0.022884625320772265
428,18063,0.014779627518712915
429,27109,0.004936692377808247
430,35049,0.013642106773896753
431,42021,-0.003544189440400285
432,13223,0.014125928968891213
433,37151,0.01665120654289858
434,28121,0.016926315333791485
435,12017,0.027312770100204206
436,01081,0.01002476255250667
437,51510,0.011491243479905948
438,13153,0.010822724431724728
439,28059,0.0181101106326214
440,18081,0.020737237119849896
441,16055,0.04285967246893177
442,37159,0.02692937005726752
443,39023,0.015978283566506577
444,49053,0.018626013761142507
445,12061,0.011321934602662629
446,18105,0.014650048789142198
447,51650,0.01802579197018465
448,48135,-0.00022599964485770093
449,45041,0.010475458763038917
450,48329,-0.01076228076835472
451,42051,-0.0002716220519641084
452,45035,0.014236560762077188
453,06055,0.02280964209100147
454,26025,0.017768168480602135
455,17179,0.010388739946380697
456,36013,0.022078065681323946
457,06023,0.01554733556814241
458,04005,0.016720001718176156
459,37155,0.005305447695205874
460,55073,0.012856722728710388
461,37135,0.009237429217010604
462,42075,0.012105417597119368
463,13097,0.018706638983136677
464,55131,0.017399702159949036
465,18095,0.029642949339932525
466,22079,0.0032862282556285006
467,35043,0.012902893934782516
468,48187,0.013190817252056423
469,48441,0.011164596901419846
470,48485,0.03453109199947938
471,04003,0.01281533680784947
472,25003,0.027665708439304444
473,19013,0.005234998883872315
474,19103,0.002735938476566542
475,35045,0.014844960344070108
476,27139,0.007712879791105915
477,51179,0.0212770023286224
478,34019,0.018926779283012615
479,22063,0.00354920714414027
480,13077,0.010484777852746938
481,42013,0.0031403661005743565
482,44009,0.01769803192010183
483,05131,-0.000843420538852011
484,39173,0.00901070436255355
485,27171,0.00911972379052228
486,39139,0.00895599242326719
487,40031,0.011478951841649857
488,13073,0.01406517550173691
489,33017,0.02534609084193133
490,47009,0.021778432566332197
491,47179,0.019306247408509745
492,37191,0.014047579819050552
493,51177,0.01596190526475577
494,23011,0.028477749712221972
495,36075,-0.0020571247725294723
496,48183,-0.009892716779378962
497,22105,0.0036918373945504248
498,48375,0.006704522131764384
499,48181,0.012580459582966991
500,48381,0.007772346865609555
501,01103,0.026617637136495512
502,45077,0.0076286794755827765
503,21015,0.021438898923550182
504,01015,0.0012925422214619033
505,09015,0.022744086440183005
506,18035,0.01893256964332205
507,29097,0.016576342323372927
508,22015,0.012248459092060454
509,48367,0.0052893550523790845
510,53057,0.022240924818091982
511,13059,0.01982313927781872
512,41043,0.014057786735563462
513,42085,0.021529397987586817
514,36045,0.005274828189342919
515,42081,-0.006942212898570935
516,40017,0.0066878721148356576
517,55117,0.021014841454766488
518,17093,0.008787281242297265
519,37085,0.01763962851053648
520,55063,0.019186409540568574
521,39169,0.020024313208661864
522,47189,0.011061975179253844
523,17099,0.01603679543904444
524,21227,0.002904982182775946
525,17091,0.011633870664078477
526,05045,0.010137139060905877
527,49005,0.0206798273754449
528,36089,-0.000867760799849085
529,22109,0.0068532437445527885
530,18091,0.01823900966489942
531,26005,0.015358307448119665
532,20045,0.01722922590761529
533,17115,0.010141455249597952
534,13045,0.0222366489451921
535,18019,0.014780005086587594
536,48451,0.005305955856958965
537,30063,0.025935568661049235
538,13185,0.009992006394884092
539,34041,0.021797985982181547
540,48091,0.006529023431233371
541,36069,0.011440860656579137
542,18167,0.0025854582774137522
543,39029,-0.0069956265627780225
544,26017,0.009496546055003533
545,26045,0.012314630127482438
546,23001,0.02661155095196655
547,41019,0.015628246474610873
548,45085,0.0049963422416610895
549,04017,0.021803381730807807
550,37019,0.01138592868833943
551,22005,0.0031775643903565933
552,05125,0.01691356477675256
553,37089,0.01928227858375475
554,13113,0.006163839860341114
555,39003,0.023852341810462047
556,21093,0.016526008804790004
557,17037,0.00947548428695579
558,24037,0.020519441823508965
559,01055,0.026052550625324862
560,16019,0.018385404986446027
561,54003,0.023412935581945276
562,37049,0.01218231087872602
563,48257,0.008454820345625624
564,13313,0.01624279135377339
565,39109,0.012159127186374609
566,53015,0.02145436266086665
567,55127,-0.004853494843673269
568,19193,0.004464081314958106
569,55039,0.010733304324402728
570,36109,-0.004501001215761997
571,01069,0.019476101377785337
572,39007,-0.006140496662963708
573,29071,0.027403223840398422
574,42001,0.015489711862714887
575,24015,0.013034701528405268
576,46103,0.011064934383890295
577,13015,0.009899634342399545
578,13217,0.013006344696433726
579,26091,0.01844464082817826
580,51085,0.009233341354983344
581,36079,0.014420354394034057
582,29037,0.02077206889623555
583,41071,0.017003680097224014
584,36101,0.0024482178821529535
585,51003,0.003650830798034168
586,47011,0.013645245041620941
587,12055,0.017983155019348964
588,06057,0.04628282594499872
589,55035,0.020273648802218283
590,24045,0.00484467844176463
591,47113,0.02382290566009457
592,37045,0.031053588800067672
593,02090,0.01932014083840985
594,34009,0.011655866262266513
595,51770,0.029432977050788293
596,21059,0.025034215328467155
597,05031,0.008559346847613666
598,54011,-0.005290356651138228
599,22057,-0.003501359080169276
600,13115,0.009275601787524878
601,54061,0.016737902848407326
602,05051,0.011916131684639954
603,37127,0.0069622256106332174
604,12035,0.005639777902551625
605,51740,0.023000203541624263
606,28089,0.008697475934272421
607,06101,0.0019383098548556952
608,13095,-0.005720963069357548
609,42097,0.005056032218525653
610,51121,0.001993622254731392
611,36117,0.0007888290731950346
612,19061,0.010094943044710692
613,37157,0.020445915684938174
614,12119,0.001969522416683338
615,39055,0.006031100130794943
616,19155,0.016416282218103914
617,01095,0.027996284578096428
618,01077,0.006075469594782899
619,39157,-0.008359943749077376
620,48037,-0.0005368374664476584
621,45075,-0.003792228039312764
622,51161,0.020138087024286398
623,56021,0.003411709545803697
624,42073,0.0019468173175768491
625,27019,0.011506287740291396
626,30029,0.024718546004982602
627,21037,0.022539909968670807
628,47155,0.010215449105487722
629,19169,0.006044855685020181
630,30031,0.02100499221788138
631,29165,0.014673469073197798
632,29021,0.02607233725017756
633,53025,0.02574763537532511
634,33009,0.014786203566794411
635,02170,0.0003714066407507366
636,42063,-0.0022943549628899633
637,36015,-0.0012382177343495037
638,42039,0.005118223760092272
639,55027,0.01886738564182242
640,24009,0.010773778512065128
641,27141,0.02091405897478137
642,26087,0.008490029090602471
643,37125,0.015759816869167106
644,06045,0.03909776435420217
645,26055,0.016282502379750347
646,54107,0.014461601953433986
647,40131,0.015017896832619115
648,48469,0.011930175458840574
649,48005,0.003400419764736508
650,55089,0.013455550959089029
651,48231,0.02937941485591377
652,39119,0.007760202310705608
653,41003,0.002801811855839296
654,13247,0.015842131724484666
655,51800,0.009218987852993259
656,55109,0.01584223017301336
657,13297,0.017806404417701135
658,55055,0.019044781090188825
659,26111,0.011493564003702446
660,01115,0.013304982084532383
661,22097,-0.003711710241872986
662,37027,0.010693626478885887
663,21151,0.006285895918277873
664,28081,0.0026775381776100323
665,44005,0.018539210937079498
666,16005,0.005360664778516213
667,01083,0.023067276056944058
668,18067,0.011672926421681365
669,41033,0.016642633017416635
670,01121,0.011678762414056531
671,36019,0.0139847303333356
672,48361,-0.0030590864645900265
673,42033,-0.007978199487819292
674,17183,0.00021074445478653342
675,55071,0.01662530419487748
676,30013,0.020279091933538194
677,38015,0.0014521138882297314
678,37195,0.002488397030294597
679,47119,0.010688719126621726
680,01043,0.014125047387708681
681,36009,0.007514697515645742
682,28075,-0.0010126531512562914
683,36011,0.011559670903246734
684,13127,0.01773052715419845
685,39145,0.003380880701502879
686,01051,0.00690129906805987
687,54081,0.003426536622509882
688,48213,0.00817418142157659
689,53029,0.025270700455255982
690,48397,0.009323309241928087
691,51069,0.016090024821979312
692,37109,0.0072282255754950245
693,53021,0.015198831880169909
694,39141,0.0021271184481283668
695,42111,0.0015442411544782993
696,36105,0.04075943644993596
697,05069,0.0009820076230422263
698,29043,0.02003907542176646
699,18085,0.009290802105915144
700,40119,0.006787493209234132
701,16083,0.020743792846233084
702,33005,0.013141865354675146
703,39043,-0.010700669592797873
704,05145,0.010424072083987766
705,18005,0.01406414968636551
706,45057,0.004505196127551597
707,35061,0.014682138037401196
708,51165,0.0019743336623889436
709,26159,0.026660314771684665
710,20103,0.009127115101106784
711,29051,0.03493329074424433
712,41059,0.01639808929036095
713,29031,0.0067500637637833575
714,48291,0.004917259015561927
715,51680,0.02191259713781356
716,53041,0.03469816717404668
717,56025,0.005361385657630921
718,41053,0.01769027997933215
719,48099,-0.0003402769558527636
720,26037,0.014639833966840007
721,47001,0.014873330207168536
722,24001,-0.005110040722399576
723,28035,0.0031323930658709287
724,39063,0.020114833263622192
725,55141,0.0023461624717511687
726,18043,0.008179731092607327
727,12107,0.02151586394637047
728,21029,0.013976586739093801
729,45073,0.012210528722753543
730,48021,0.0015206735139451709
731,21047,0.0028595071717543216
732,51015,0.003697656135258188
733,37171,-2.264697889301567e-05
734,36053,0.007643064716367394
735,12089,0.012746486201818313
736,22045,0.004502255666397378
737,12087,0.012624258799816521
738,40145,0.01407578402116998
739,53027,0.03968132957231074
740,53007,0.010848235144204223
741,47141,0.015509376021994712
742,06115,0.020118494666392716
743,23003,0.006031594064145524
744,04001,0.008265014034405136
745,35031,0.009611345206421143
746,53009,0.018213699328901854
747,25011,0.025691907377717035
748,20161,0.002862877344553911
749,01049,0.012401835392011467
750,40101,0.008013454689354967
751,26155,0.005944009759053931
752,39013,0.006492684426600112
753,26073,0.004246089499936415
754,13031,-0.00937103242578747
755,18053,0.009370424597364568
756,55097,0.003905107091889439
757,18059,0.017303332737585716
758,40037,-0.0029358010601963267
759,39081,0.006081604962201977
760,45047,-0.0004921599778959729
761,40125,0.004351337708228167
762,13013,0.02807956542578687
763,37193,0.0041915341359919965
764,54033,0.001669449081803005
765,42005,0.0031202496199695976
766,18177,-0.0008609598250993973
767,18109,0.018019350204909374
768,47059,0.010222553508678522
769,13295,0.001709164063394449
770,45031,-0.0036693263854963905
771,51019,0.02175079415096107
772,05085,0.009526968377522
773,48471,0.000935444131493797
774,37161,0.006786975284425265
775,28067,9.526077637532747e-06
776,12023,0.034839241226435454
777,42037,0.0008527659678893736
778,17001,-0.0011482366365938024
779,15007,0.005880923831691471
780,26103,0.0024241976767080133
781,13285,-0.016546982183880347
782,01127,0.009988889696491428
783,51095,0.013466465619751634
784,38035,-0.018701679925959856
785,45059,0.0027725220584102956
786,39101,0.0022184978154093566
787,37031,0.010530922232103784
788,41035,0.022211067888066257
789,17199,-0.0005356717720815808
790,47147,0.004742872146670612
791,19049,0.004178811777278142
792,34033,0.012257732853528104
793,20015,0.002814326175025992
794,36113,0.009999062880704714
795,35005,0.006836702896155771
796,48203,-0.002921321422789123
797,21145,0.004945544746327662
798,51199,0.014474430224696277
799,36051,0.012688866564634336
800,29187,0.0016038968753712725
801,42025,0.021899205642901876
802,51061,0.026535873160716324
803,21195,-0.0054925839830491045
804,48409,0.0018135223360546079
805,39009,2.5643217369005897e-05
806,35025,0.006102168387791084
807,06033,0.00390865157109908
808,48347,0.0014358842278097937
809,36043,-0.0019042299294165438
810,20155,0.0027074328701689244
811,27131,0.01257694573088339
812,13255,0.031298036765892934
813,27013,-0.0025241634168819316
814,13047,0.017083062555659854
815,26067,0.019544888541641235
816,35035,0.011020234354350827
817,51143,0.0014367607575647631
818,37037,0.009800056000320002
819,06103,0.014407624499993795
820,13179,-0.003546405398017466
821,37163,-0.0026895861261475285
822,30049,0.01539042583325465
823,26117,0.021817891396998496
824,36115,0.0009361486241635059
825,36021,0.012649580522102225
826,21199,0.009922862094666798
827,41011,0.013153448342237754
828,42015,0.0019063832181999802
829,47063,0.0009949841892923346
830,27035,0.00930818742404465
831,39087,-0.0006525007801639763
832,55017,0.01123388678808661
833,54055,0.0012536745633754108
834,36077,0.001398281551177758
835,55111,-0.0008026372366346568
836,05033,0.0013858162541219685
837,39167,0.001887557718707101
838,22001,-0.008668328096218442
839,05115,0.0070125798187588425
840,45055,0.006094850210093072
841,38101,-0.006498096791734638
842,50021,-0.0012511386459167883
843,26149,-0.003197189413260619
844,47167,0.011855279324497425
845,48427,0.0028410506903254746
846,39143,-1.615743807661857e-05
847,39083,0.006008410513772689
848,53045,0.022378596442814997
849,37069,0.007830103650292925
850,37167,0.00292435947798001
851,40047,0.005683193655111992
852,13157,0.015075624253910432
853,21185,-0.026583361339403012
854,17077,-0.009425118023236348
855,45043,0.01205511340876282
856,33001,0.01873291761619685
857,36037,0.006112831171830457
858,37077,0.00975041263915036
859,28087,-0.0003669388129529401
860,18173,0.01548035084565646
861,39077,0.004662518438141096
862,50023,0.004674495496522631
863,37107,0.002838908696672665
864,26015,0.006941326794902787
865,48497,0.004817261854980346
866,37087,0.029048328234213744
867,27027,0.0004234924700973
868,21125,0.001659122621924242
869,53071,0.006285848710657229
870,31079,-0.00020033875462145082
871,37061,0.004534061159694758
872,17195,-0.004743097765702174
873,48001,-0.001642470640837295
874,49045,0.030858073298636404
875,29145,0.006429262747146391
876,37047,-0.0006368857404634741
877,22113,-0.003342853433727119
878,37105,-0.001874786178583647
879,23017,0.014657236732193574
880,47019,-0.009964059982649646
881,42103,0.009215233698788228
882,01009,0.011288315899445555
883,27111,0.0007705100945243258
884,47073,0.021049905663867413
885,55021,0.005172671279681765
886,39147,-0.0001923623006531158
887,50027,-0.012161543658779342
888,18011,0.0047711393326705775
889,37065,-0.0015395198008450982
890,54049,0.002885115641110533
891,08045,0.012709532031408045
892,51067,0.0034040456123859805
893,47035,0.013491665622258429
894,08014,0.01450061123560298
895,28109,0.006372670265236938
896,26157,0.0020696509257077285
897,39129,0.003554042658858464
898,28073,-0.001369001574908316
899,20169,0.004584147050492702
900,36035,0.004470496420209698
901,54079,0.0032938239256448602
902,02122,0.0044502748210757045
903,06109,0.006245262273698875
904,45021,0.0031307763401109056
905,32510,0.014273223596290891
906,06069,0.013884652139153013
907,13129,0.0026543076912387002
908,12131,0.016121135189047058
909,42121,-0.004708328952133936
910,51191,0.0005667006687067891
911,51031,0.001630203112939089
912,37083,0.00310606524267091
913,22101,-0.007581029795210126
914,48199,-0.0005293193284261021
915,01001,0.011478762404697057
916,01033,0.008907384770259581
917,23009,0.010856903976264981
918,48323,-0.0007354478661196473
919,47145,0.030117419498828284
920,17007,-0.002070617694150505
921,51089,-0.0025999752383310637
922,27025,0.011843325475538189
923,17029,-0.006394448230993246
924,04007,0.021738059057866854
925,54037,0.02395474270753197
926,17141,-0.002803447201744367
927,48401,-0.00017601114737266695
928,01071,0.0064557722968087055
929,39005,0.003396980307259653
930,39037,0.0010779592735970793
931,01113,0.01202206930249603
932,17095,-0.005194508299782821
933,42127,0.007701793849983443
934,47031,0.015033293056019744
935,22089,-0.00098604564720216
936,29101,0.011794086844437283
937,48467,-0.0031375076317753207
938,29113,0.006318182045749245
939,40051,0.010199187662055425
940,55135,0.047096648056828797
941,22115,-0.0026254680864417064
942,39159,0.010294702739570309
943,26027,0.006943517158499132
944,29169,-0.00742564583577598
945,47107,0.008583946383808029
946,13103,0.0030760383663903474
947,23025,0.0093789567473778
948,37141,0.010554830485324915
949,08037,-0.003237454862408168
950,22099,-0.0010991798427327302
951,32019,0.011816359905633
952,29213,0.009228636498663234
953,36033,0.0007766990291262136
954,27169,0.0006049919592949
955,24047,0.012047355797355797
956,47089,-0.011679571872624691
957,08067,0.013077496977938955
958,55043,-0.00034819205062409643
959,48221,0.0132131361664412
960,28151,0.025353063093459294
961,36107,0.0023045662399220662
962,37189,0.020557333692413398
963,40147,0.017291285078437142
964,05035,0.0010045910751002244
965,48073,0.000964640394711873
966,13039,0.009089417363072703
967,17073,-0.0022494441780374036
968,36017,0.0036072107312212854
969,40079,0.011184025738579783
970,01045,0.008214594127806563
971,36057,0.003240457021969627
972,17063,0.0005521566152799483
973,18029,0.0038059376676485178
974,49003,0.034736286309454925
975,01031,0.006835013539525627
976,44001,0.026163948270747424
977,48277,0.0028746930893776158
978,42009,-0.004310058574293721
979,12063,0.009764544172512898
980,47053,-0.008724290606120089
981,47043,0.0161319111780058
982,48265,0.008288710587993773
983,21019,-0.0006597707576181158
984,18065,0.006897902790093415
985,39149,0.003640387124094172
986,41009,0.008542546068098487
987,36023,-0.00044857465403679806
988,21073,0.003690530313160217
989,36039,0.012252738694771819
990,19045,-0.00438685391631678
991,55015,0.0017168645148631413
992,36003,0.0008354747648644885
993,51660,0.00255713445374066
994,48465,0.001253928082636919
995,32007,-0.006018441412933214
996,28149,-0.005157334347371423
997,21113,0.005575543466481718
998,47105,0.018921925892482826
999,26123,0.006803560684367238
1000,13175,0.0009682238164616491
1001,35009,0.01061295213341997
1002,36025,0.0008992464061807359
1003,33003,0.017862785621147678
1004,24035,0.00869740745291464
1005,17117,-0.0028312503701948704
1006,37013,0.0015915701662916415
1007,50011,-0.01493123054878661
1008,48349,-0.00071112375331117
1009,17177,0.0029744332423550382
1010,28105,-0.004584401487332271
1011,40019,0.011264420761709344
1012,18113,0.005087704359673024
1013,40113,0.007587870008038372
1014,04023,0.008517010622864897
1015,37169,0.0024840941927961268
1016,28071,-0.00046415258657402753
1017,21209,0.023658398706746932
1018,22117,0.006344262466423487
1019,18099,0.0031742754651732947
1020,32005,0.014618270426469324
1021,40021,0.01222203659576713
1022,37093,-0.0032490882005445114
1023,21107,-0.0012194576210507473
1024,08043,-0.007467128402142741
1025,22061,-0.0007088816425432096
1026,45025,0.005296619615326313
1027,51047,0.0016076338347080705
1028,26059,0.007329447961659074
1029,42087,-0.002174016686531585
1030,37153,0.005505348052393754
1031,40071,0.008193552224601474
1032,05093,-0.000984539089848308
1033,12039,0.009265113991639443
1034,21101,0.002376142535435157
1035,19181,0.008585779831686584
1036,27049,0.014671520709903824
1037,49021,0.0142707577620324
1038,18093,0.007450838895904745
1039,56005,-0.001905967721075238
1040,31019,-0.0008410745079244254
1041,54019,-0.006220113804110574
1042,41041,0.020772605530817136
1043,48325,-0.0004603698304304458
1044,42099,-0.002348184106057894
1045,39011,0.0032326539672849867
1046,22095,0.0007047689364701145
1047,42061,0.0027324606654629867
1048,55005,0.006220876881457735
1049,39091,0.006289092505212334
1050,40121,0.005682546464430677
1051,13009,0.0021275801575155835
1052,16011,0.011459237268782826
1053,06009,0.01996451415706213
1054,13071,-0.0016141507213236037
1055,37181,0.005723463651544316
1056,48373,-0.0036993950674732434
1057,26023,0.007386797330903898
1058,42065,0.0025099001617491217
1059,29161,0.0030857614151842214
1060,51185,-0.004437330069090524
1061,47003,0.007546210395919096
1062,27061,-0.00010581015307202144
1063,40137,-0.004895861194776197
1064,37111,0.005342137292199605
1065,42119,0.001250197816110144
1066,48013,-0.0006889315871972493
1067,06093,0.011551332756078725
1068,39015,0.008429804555558763
1069,46083,0.007199787460148778
1070,53075,0.005324593381940549
1071,13275,0.0007829661367145871
1072,55081,-0.00044604967258715005
1073,47123,0.010259517739980777
1074,50025,-0.017193675889328065
1075,54069,0.005341120156722142
1076,27007,-0.0003870454260497926
1077,18145,-0.0030570700026766972
1078,29027,0.0056033919199088515
1079,55095,0.016192085809835458
1080,55031,0.0005898360523881658
1081,19033,-0.001127576031412189
1082,29029,0.032012940783324215
1083,32023,0.005926271394281993
1084,28045,0.00242100859355175
1085,55033,0.0034916518811701014
1086,01047,0.010583153347732181
1087,56037,0.0024005501616740635
1088,39033,-0.0005579206539800362
1089,33019,0.00735020333950686
1090,01021,0.008456299659477867
1091,39071,0.004827561314540434
1092,53065,0.0050053587685972315
1093,51540,0.0023833971187653628
1094,05091,0.00293073163280892
1095,42083,-0.009042334566378957
1096,21179,0.0010646056841709015
1097,39097,0.006654183107068816
1098,42115,-0.013834137987036955
1099,48473,0.0007552226981441513
1100,26151,0.015565301923902968
1101,51590,-0.0017608283418113957
1102,13137,0.0029283356405068683
1103,48493,-0.004727882621729771
1104,36073,-5.390641845755768e-05
1105,26107,0.004953642775814394
1106,29023,-0.00196542636351454
1107,48053,0.007704786562031955
1108,19139,-0.0016016663075486604
1109,39051,0.005235703997820079
1110,54099,-0.006713004890418402
1111,26057,0.008648452662784994
1112,40013,0.011726735739575993
1113,40135,0.00627124218835654
1114,18071,0.0036104800016473673
1115,39075,-0.001125316349305666
1116,13069,-0.0013829345871940258
1117,39135,0.0024007181278573766
1118,27067,0.00020274019377694311
1119,18033,0.00966577540106952
1120,29159,0.00863431597249664
1121,21009,-0.002522263670424214
1122,36121,0.0011994122085865204
1123,05055,0.0033830066821371654
1124,21211,0.012944784111191281
1125,22009,0.009191998211890925
1126,39027,0.0054787026182102384
1127,51171,0.003322421220562909
1128,42117,-0.0012781679592583962
1129,48499,0.0019811561321032294
1130,55115,0.0033976889919223384
1131,18037,0.0020624339057122992
1132,47099,0.008411261606043462
1133,40083,0.004476919879123163
1134,42123,-0.009512590847465162
1135,55075,0.003766819564574731
1136,05139,0.0030473116207361726
1137,01123,0.010141664646184753
1138,12121,0.0028946894689468945
1139,05005,0.005319764972937915
1140,40041,-0.006629518147217592
1141,13233,0.004836474370456967
1142,51195,-0.003746235400700277
1143,39123,0.0013877651923768428
1144,48481,0.003925080635569207
1145,08085,0.003928632211947581
1146,40097,0.008560748538741874
1147,37059,0.002789254657458646
1148,22119,2.434719094284497e-05
1149,53047,0.004641718702240077
1150,47051,0.01629139806793624
1151,55093,0.0019937148808911818
1152,53037,0.007183350050710931
1153,16017,0.017160989139553596
1154,48249,0.006115249552003729
1155,39107,0.0034965034965034965
1156,12075,0.0015229885057471263
1157,47013,-0.0016001591868206578
1158,37139,0.005890287769784172
1159,19127,-0.0010445962233828847
1160,28113,0.0002066950402585567
1161,29091,0.0043084693416146945
1162,19057,-0.00036221115981870865
1163,37099,0.005450186171690788
1164,35039,0.00019802441524555028
1165,30081,0.0002091072351103348
1166,56013,0.002881750617019991
1167,13277,-0.0008667089096219255
1168,39021,0.002635009569245278
1169,39059,0.0014714099459862172
1170,40111,0.007374695757363765
1171,12093,0.005002960528504234
1172,42031,4.161767919011996e-05
1173,47177,0.02819230827858482
1174,23013,0.009262874832434957
1175,42109,0.0028525687672827827
1176,13213,0.000733998825601879
1177,22069,0.0018081791251490786
1178,17055,0.016054942241366325
1179,37145,0.005764443862177388
1180,21071,-0.01783560897809935
1181,36031,0.0010930668332292317
1182,18061,0.004808771798518075
1183,48459,-0.001393093313739897
1184,16069,0.004152504454718862
1185,42035,-8.35311397127921e-05
1186,29201,-0.0013871292896973284
1187,27099,0.017657999290785275
1188,12051,0.004340760381473721
1189,20037,0.0035847004982733693
1190,47021,0.02031055272996733
1191,39039,0.0014049877063575693
1192,18017,0.00529376424045252
1193,17105,-0.002104860313815538
1194,45029,0.0001029837834868936
1195,17081,0.00936989324900783
1196,23027,0.009009919501953076
1197,42059,-0.0005855011890177992
1198,17203,-0.0015064778547755348
1199,29109,0.004262322754895341
1200,26033,0.03256179382934677
1201,27009,0.002614274409315296
1202,18083,0.003949027676378841
1203,48097,0.00533248157993038
1204,53017,0.004281827135488251
1205,47047,0.01534654273999902
1206,37197,0.002107302357221023
1207,47045,0.0022875944241102716
1208,01053,0.011501005490656845
1209,18107,0.0059798125126452805
1210,48049,0.0018089786489562279
1211,06005,-0.006711547931834735
1212,48055,0.0015395657438403672
1213,19187,-0.00017049910772133625
1214,18133,0.0025282683267691527
1215,48143,0.00017319843763064538
1216,51683,0.02510625621241214
1217,27059,0.004180159723386962
1218,24041,0.013015135741170818
1219,01039,0.0069115344884506024
1220,17027,-0.0026992841950550807
1221,55083,0.0019739738087377573
1222,39171,0.0023712205788730704
1223,51187,0.0009298089147801666
1224,16065,0.011087813532683918
1225,45071,-0.004093421435398745
1226,40123,0.006109584282634682
1227,16057,0.0033724783650797264
1228,04009,0.007467730682016396
1229,37003,0.0009902247048368669
1230,21035,0.00014009939683522836
1231,28093,0.012821104090762349
1232,18087,0.006381672320251241
1233,50003,0.003995135693563943
1234,18069,0.0025992597577388964
1235,21083,0.006297000448055801
1236,26041,0.0025286061855231984
1237,17057,-0.004460884141695413
1238,28003,0.002049120054904652
1239,41007,0.007260487127013274
1240,28095,0.0019308607302164216
1241,31157,-0.0019814682822523163
1242,21089,-0.009878488876707323
1243,05009,0.0007629523075333592
1244,18103,0.0027545398898184046
1245,39031,0.003260529724418241
1246,51073,0.0013891320842817955
1247,55045,0.0007090823477273356
1248,19099,-0.0014402563194134228
1249,50001,-0.01149262703773118
1250,20055,0.005936867318714534
1251,54045,-0.0023080404284205763
1252,48321,0.0029283586769086063
1253,31053,0.000334717744139024
1254,27085,0.0029504922530664947
1255,05063,0.0021053467863668867
1256,26061,-0.0010822698228540753
1257,27147,0.004037043473942945
1258,46013,-0.0006167431351301501
1259,49043,0.009568816824595913
1260,13299,0.003275095093804397
1261,20035,0.0073134876883498715
1262,56001,0.0048681477252905826
1263,31111,-0.0022184065934065934
1264,48189,-0.004311981674077885
1265,51083,0.013462470969553123
1266,29225,0.0037281739728070233
1267,37165,0.00037689625930462643
1268,39127,0.001984183225148105
1269,17103,-0.0027747174276737258
1270,27041,0.0031811552796090505
1271,55085,-0.0018741760772541733
1272,22087,-0.001004922664647112
1273,19111,-0.0023670454669983453
1274,51149,0.0020165636677206096
1275,48241,0.0019151519296865648
1276,47029,0.013876215890505294
1277,22011,0.003088889600204859
1278,21235,-0.003961178061535884
1279,19179,-0.0007657163276244927
1280,21049,0.003836953015804752
1281,29009,0.006042156371623445
1282,29105,3.058711976386743e-05
1283,17137,-0.0021813779211155297
1284,54025,0.002114351158488239
1285,20125,0.005224781336287429
1286,27017,-0.00025467410019764926
1287,23023,0.010321011712976799
1288,51093,0.0016364889872636887
1289,36099,0.001520093739113912
1290,37017,-0.0016943767870380175
1291,48223,-0.01804641812865497
1292,48071,0.0013845872175518362
1293,48217,0.0018185850521179863
1294,47183,0.0020917727008356885
1295,48227,0.006085003680821522
1296,17011,-0.0018800242026104244
1297,45027,-0.004049683125443756
1298,06035,0.007537081752328389
1299,31119,0.00014364585675385346
1300,51155,0.00022924076936160144
1301,28085,-0.0023997340835204745
1302,12027,0.008751760936051562
1303,39117,0.0018020989871592812
1304,17021,-0.0017424269181412543
1305,28107,0.005469324799886536
1306,55019,0.009354673057172202
1307,20079,0.0028154319424946108
1308,40087,0.008575031525851198
1309,39137,0.002424210657354203
1310,23015,0.009414629197524602
1311,45089,-0.004517850200420951
1312,18001,0.009319911213081816
1313,20061,0.006085712743563448
1314,01079,0.008660960889282913
1315,40081,0.007876438373023199
1316,17049,-0.0017847443159773415
1317,01017,0.011762980346142564
1318,30093,0.005937045677384454
1319,18151,-0.004655478056296493
1320,22039,0.010843431817081632
1321,37113,0.026084329101613214
1322,37055,0.012983244170788331
1323,48147,0.0016564869341856578
1324,20057,0.0014296548778255298
1325,48477,0.0009712868691470297
1326,19167,1.07539601458237e-05
1327,20111,0.0036158131562031284
1328,54077,-0.008342676878052489
1329,18051,0.005654690237563418
1330,51137,0.0033601133839208223
1331,18073,0.001525350664853931
1332,17157,-0.0006090430715260184
1333,48259,0.003231734857570047
1334,22047,-0.005531380909868458
1335,29107,0.0047977610448457384
1336,47103,0.0022880264851940406
1337,19125,0.0019698288904120586
1338,18183,0.0038970792603237117
1339,39079,-0.0010646299832205058
1340,18023,0.0063723857440877935
1341,27097,0.001328061332286982
1342,18055,0.006539636467879635
1343,51001,0.0006188118811881188
1344,51109,0.0018710470836261418
1345,40089,0.0171141062837416
1346,51023,0.0020491264941547354
1347,45023,0.010538784681516217
1348,26063,0.006243230539717573
1349,54051,-0.004730548886300426
1350,37175,0.002160301422819213
1351,24011,0.002139837063009178
1352,45067,-0.004128457821239679
1353,33007,0.005616611363440253
1354,17133,-0.0021058905334260455
1355,35055,0.010184823895715048
1356,05059,0.0023433040587227992
1357,01109,0.00736141510698173
1358,18169,0.0043828706479946385
1359,23029,0.011507479861910242
1360,13261,-0.005789969764851334
1361,13219,0.003266316366070885
1362,20121,0.005726442691250775
1363,36095,-0.0014866403267930087
1364,26165,-0.00042686511867655704
1365,51117,-0.0011126990608411596
1366,27103,-0.0005957417416380307
1367,26047,0.004636015325670498
1368,24019,-0.0010234751515779655
1369,17109,-0.004710273729114824
1370,49047,0.0018749868329576338
1371,29219,0.010261686618434018
1372,27005,0.0027960690303926203
1373,18077,0.008763575477349883
1374,51730,0.007327188264775275
1375,51009,0.0010755337110719887
1376,48449,0.0025503233445669004
1377,47079,0.004344484176051867
1378,28083,0.004027061855670103
1379,28001,0.007312453195894454
1380,31141,-0.0004104416351994746
1381,47025,0.003490275803752946
1382,51173,0.0011361756108322762
1383,29209,0.005137678555385859
1384,45033,0.005925659903034656
1385,48273,-0.0008747053624042428
1386,39065,0.0021215183880102344
1387,13145,-0.0007910158425989884
1388,46011,0.0035424455631114645
1389,29069,-0.002226577603562524
1390,42047,0.014575003224558236
1391,21121,-0.00511474068264739
1392,48025,0.00193753027391053
1393,40115,0.0029286331245951197
1394,47143,-6.800546763959822e-06
1395,47131,0.000933667190086152
1396,01059,0.013416189021238471
1397,18027,0.003626067233931899
1398,27119,0.006954328347625246
1399,22053,0.010765810396075494
1400,21177,-0.0070759040414533105
1401,21157,0.00537589054962921
1402,31001,0.0009155584906793144
1403,41045,0.008600063354698694
1404,02110,0.004829992236179404
1405,27047,-0.0006979178783296498
1406,50005,0.015119554623980349
1407,29167,0.006580741199271918
1408,08029,0.004067569146790616
1409,39053,-0.0011445314288330358
1410,26035,0.013375671235563838
1411,12129,0.005453799817851607
1412,01093,0.010924104375489772
1413,23007,0.011572974881591603
1414,54029,0.0031716959639052065
1415,47117,0.0014665578016194543
1416,48067,-0.0017049710253478928
1417,17107,-0.000721785516922487
1418,13029,-0.009147993867785744
1419,17135,-0.004393282171059948
1420,13305,-0.0004084167893335149
1421,24023,-0.0027468242988303356
1422,51035,0.006095337327429018
1423,29207,0.003514443633329857
1424,13187,0.0006032595475553394
1425,28115,-0.001132377481864932
1426,53031,0.005225964119295132
1427,55123,0.002544511996525893
1428,27115,0.003196755322568391
1429,17075,0.0041609046296182985
1430,28099,-0.005361490011205997
1431,40015,0.0002803139516258209
1432,26007,0.005356059749365189
1433,35017,0.012210028793393817
1434,47055,0.004444410562907849
1435,28133,0.0050001552843256004
1436,28029,0.00594679186228482
1437,13227,0.0015067040970572646
1438,54083,-0.001991280782373041
1439,35047,0.019090734373999017
1440,39073,-0.0003415637547724047
1441,21095,0.007691565800260404
1442,51197,-0.0005446267128510119
1443,54035,0.0006385810908044323
1444,20113,0.0016735412506143576
1445,56033,0.0034268158184969275
1446,39047,0.003485708594761478
1447,45087,-0.0037689485131747165
1448,50017,0.0042717201236741635
1449,45069,0.0031992687385740404
1450,51167,0.0025171407808402407
1451,28137,0.008194749236298949
1452,39019,0.001230056282226402
1453,18137,0.002025776256505187
1454,55121,0.00015624804689941377
1455,29127,0.002047144794464935
1456,13143,0.005172073723966133
1457,30047,0.004133563172849764
1458,39161,0.001565020354865965
1459,55069,-0.0017858707299156934
1460,21193,-0.003622155039644059
1461,39131,0.000316667908501602
1462,26105,0.0051216476333634875
1463,21013,0.006871820237422273
1464,13169,0.0034181517002018023
1465,06015,-0.016179412617785084
1466,21163,0.0011833460784915688
1467,27021,0.004682814903658124
1468,39001,0.005313835538849699
1469,51033,0.004383134219556022
1470,18079,0.006092855764902578
1471,47017,0.001775415339588534
1472,12007,0.004596234099611364
1473,20051,0.005015128972400073
1474,21021,-0.0015390563428452468
1475,48015,0.0036683173432320937
1476,13177,-0.0017819381396791383
1477,13123,0.003269495400978779
1478,42131,0.0011575731538498257
1479,28123,-0.009582079741106869
1480,18175,0.005929509985294815
1481,05123,0.0027834089519580395
1482,47115,0.005434388812404899
1483,39069,0.007744346851055878
1484,54057,0.002685342135783745
1485,56029,0.008620809473508646
1486,08087,0.003401054101536105
1487,06021,0.014818345818933458
1488,13195,0.002662876034758894
1489,48363,-0.0015883452397662547
1490,28163,-0.011460706150341686
1491,51145,0.002815546206277506
1492,51053,0.003226079286637749
1493,08117,0.015578181133614671
1494,22067,-0.001105379513633014
1495,13087,0.005209866047586349
1496,49039,0.006775990444402273
1497,47097,0.007289734277427952
1498,37123,0.0034569223653139226
1499,55029,0.0124695552508238
1500,47077,-0.002297563746950506
1501,12049,0.0021698368118956185
1502,21043,-0.0149110293565583
1503,27079,-0.00350584230167773
1504,13225,-0.0012295828526322182
1505,20009,-0.010056639395846445
1506,18179,0.002661230186149289
1507,40049,0.012587282869370503
1508,28127,0.001466176654995129
1509,38059,-0.013934719354996017
1510,40039,0.003859903420981914
1511,01005,0.002362273935877997
1512,05015,0.0020557427944117358
1513,37039,0.006283862506287046
1514,54053,0.007572791778810864
1515,37009,0.003974274490572592
1516,47069,0.0005554484963215707
1517,50019,0.005929188548195833
1518,46029,0.007914185038510711
1519,13279,0.00040713913743312976
1520,35006,-0.004030226700251889
1521,13293,0.007447293310627683
1522,13311,-0.00025012370248329337
1523,28145,0.002165773759941077
1524,12003,0.002292514419394672
1525,28091,-0.002169882037321971
1526,36049,0.0007137874535632594
1527,16039,0.013198567293067072
1528,45037,-0.0011490078644527924
1529,37007,0.003547263179155726
1530,18021,0.0017445543589493689
1531,54059,0.01299037590091062
1532,21141,0.001953327734422919
1533,01061,0.006250882893063992
1534,55057,0.006377056094474905
1535,22031,0.014779790515257315
1536,48185,0.0010476689366160294
1537,26127,0.006925100859498334
1538,21173,0.00391091184724059
1539,24039,-0.0010459585072807808
1540,40065,-0.006287696019300362
1541,13207,-0.0003006852458497523
1542,48463,0.001701517608897127
1543,48407,0.003342326457488015
1544,19015,0.0007440265298602648
1545,54067,-0.005116569461998812
1546,51840,0.0034245173613479773
1547,13257,0.0033875462145081686
1548,18135,0.006216975829117482
1549,26043,-0.003132143378240358
1550,26031,0.0037189053727339177
1551,28027,-0.0003733766233766234
1552,16051,0.010467082116332935
1553,05103,0.001099076421265356
1554,27095,0.003631663836105147
1555,19011,-0.0005234666258107349
1556,47109,0.0032473932665871247
1557,47071,0.0013732605366535721
1558,13055,0.004039662137348513
1559,29215,0.014576190096483534
1560,20059,0.0066425335504839665
1561,01019,0.00973129619150505
1562,05023,0.0025811209439528023
1563,26029,0.005187687340294809
1564,18129,0.0024400910122258064
1565,27015,7.387297541876743e-05
1566,26069,0.005002672367717798
1567,27083,-0.0015635847369112321
1568,47185,0.01162600659673729
1569,01025,0.019392235402865506
1570,22003,-0.02009025316778421
1571,41061,0.0055788540343645904
1572,21085,0.00643001590324544
1573,18031,0.003186812483601994
1574,26051,0.0080761984112707
1575,51065,0.001659098470086541
1576,29001,0.003937442190032501
1577,51105,-0.014103211836881992
1578,05071,0.004884396150746254
1579,08083,0.0014051883878937615
1580,29007,0.002430513534228892
1581,13267,-0.003032776242325314
1582,40133,0.00533909616729168
1583,48419,-0.005632234271734765
1584,46093,0.0017078832975021133
1585,45001,0.0021616294871692984
1586,29175,0.0011446342569595923
1587,36123,-6.039084957847187e-05
1588,28117,-0.0031410167980729436
1589,41057,0.004836660369405621
1590,31025,-0.00032396493204212544
1591,13147,0.001838053524583966
1592,41065,0.006487996811252176
1593,29221,0.008023582898246851
1594,35029,0.00963269612283981
1595,13131,-0.002303247970018738
1596,19149,0.0019866829265499848
1597,21239,0.002439899194880459
1598,17165,-0.006255069851284363
1599,12133,0.00550453883026355
1600,27153,-0.0004833540308008061
1601,32001,0.0037381684572067573
1602,48171,0.012850810704878063
1603,51775,0.0016403344952369342
1604,45053,0.0006050134673670861
1605,48331,0.012586733177207573
1606,29131,0.006526826545290594
1607,21137,-0.007674271885799301
1608,26101,0.005962140408406618
1609,29055,7.709624695469824e-06
1610,47081,0.004869337026642854
1611,37091,-0.0033341645654964766
1612,21081,0.0038376692033573077
1613,18181,0.0094252502895003
1614,42067,-0.00015963161933998466
1615,54005,-0.0023779866379798438
1616,05111,0.00010357327809425168
1617,48149,0.005549469730712282
1618,05027,0.0037753657385559227
1619,21133,0.007928823760303546
1620,21217,-0.001156387143249827
1621,37117,-0.00014298651160573852
1622,55137,-0.0001878837525646132
1623,01133,0.0034613078474480803
1624,50015,0.0018833126025976457
1625,26143,0.007456705455061936
1626,31047,-0.00270011103260321
1627,51630,0.0009678656791289209
1628,18041,0.003329783196836706
1629,19017,-0.0014711593912930903
1630,54097,-0.01796198972749039
1631,22085,0.008630554257256597
1632,38089,-0.003285101211499753
1633,18143,0.002218480207414535
1634,26137,0.0034640881224143947
1635,20191,0.0016955518592048076
1636,51027,0.0023507364544976326
1637,46081,0.002286856571714143
1638,54009,0.0003708382102420878
1639,51139,0.00196892675592468
1640,26109,0.006570758330141709
1641,54027,-0.0016669779281055246
1642,45039,-0.0020382788773159943
1643,21183,0.007053950212118787
1644,28079,0.0013535437815788253
1645,54109,-0.005743354118805382
1646,48365,0.00044448335544525783
1647,22121,-0.0018618304022902069
1648,39105,-0.002914831032968203
1649,51790,0.0023225696618897934
1650,48225,0.0061676405046410835
1651,37033,0.005426966597020595
1652,55049,-0.0021928936359796565
1653,13111,0.005947053558811061
1654,13035,0.0036821379778925606
1655,51099,0.0014419056224706573
1656,26009,0.0060520338198796955
1657,37053,0.001412696244146467
1658,49051,0.011048581780174952
1659,26133,0.017056809220831127
1660,08107,0.010791717079004826
1661,13205,-0.0093035782051439
1662,29177,0.008128726571952271
1663,13081,-0.003064003631411711
1664,22007,-0.01565127515237025
1665,28057,0.002798407060596276
1666,48293,-0.0017267881739963667
1667,29147,0.0023660197191852418
1668,29195,0.012538287222651094
1669,51147,0.00046843673293484983
1670,18149,0.0019085640244436274
1671,21115,-0.013862285742350572
1672,08119,0.003235643358842006
1673,21205,-0.004035294018120754
1674,13033,0.0022092892430115884
1675,27093,0.0010478226245861102
1676,51169,-0.008466106179081662
1677,48007,-0.0024676982331997225
1678,18047,0.007644691545585312
1679,08039,0.005925803626548749
1680,29119,-0.0024017202212703974
1681,01099,0.00033349152803252823
1682,22075,0.0011177569176539018
1683,05019,0.009193949072841807
1684,17083,-0.002988407329992361
1685,16031,-0.00185170822507465
1686,20175,0.0011806176316810307
1687,48219,-0.0006114875901525368
1688,01007,0.010268810704066416
1689,01111,0.007767525415424815
1690,22077,-0.0002753516240238785
1691,22111,0.011088835384512082
1692,08075,0.0034307544954247588
1693,40001,-0.00014029771174432144
1694,17085,0.011027994953200969
1695,47057,0.006018218464891352
1696,16075,0.01273096041474248
1697,45011,0.0018969374272295556
1698,39175,0.0022787659605874974
1699,05057,0.0035297048889873207
1700,13107,0.0007740253391453131
1701,51670,0.005979830740384128
1702,28039,0.007533369286773628
1703,12123,0.004447949816120837
1704,51600,0.0015742461042224467
1705,48179,-0.0011869074972990245
1706,46135,0.00510060483523553
1707,38105,-0.006826100251079902
1708,19123,0.00028789760715960223
1709,16053,0.011687681258635068
1710,41015,0.006262756341724171
1711,17173,-0.0010614057296434065
1712,05083,0.014343193502719618
1713,17145,-0.003709370797978393
1714,41027,0.006774081225665538
1715,13085,0.004554851812078576
1716,31067,-0.0044582646485838455
1717,22043,-0.00572853249840552
1718,51163,-0.00036062200082702644
1719,29083,0.0035471537807986405
1720,47111,0.007547266354542431
1721,28139,0.005600343975061808
1722,47151,0.0020979384120060236
1723,05149,0.0006927564414195431
1724,48233,0.00154775643201412
1725,17051,-0.0034571078895239537
1726,48489,-0.007189819434382646
1727,40009,0.003115264797507788
1728,22093,-0.004296235679214402
1729,37131,-0.0009298914253532932
1730,13119,0.0013597354323822018
1731,47133,0.006559087989723828
1732,13199,0.0015187077177964933
1733,47129,0.0067192793061087745
1734,28043,-0.0036012244163015424
1735,48341,0.0010544058000015392
1736,13189,0.0
1737,05003,0.0051447844941480015
1738,13091,0.0019020808764788678
1739,48457,0.014010172735055648
1740,05107,0.006082684402259283
1741,21051,-0.008320142079456392
1742,54043,-0.005614777443241924
1743,28101,-0.0017535793334260022
1744,41031,0.008833968713027475
1745,51075,0.0006112841392510801
1746,26089,0.0036756450106960087
1747,19183,0.0023651503934273717
1748,26129,0.008618460742911315
1749,13321,-0.005383863035986874
1750,27157,-7.910582498068887e-05
1751,53003,0.00304097241310105
1752,20099,-0.012716546493117334
1753,20149,3.218080093416268e-05
1754,20021,-0.0015297802023350796
1755,18119,0.007928561963515364
1756,18153,0.008985738833495682
1757,01087,0.014560419281021628
1758,55125,0.0004158257745448094
1759,21005,-0.00018549188473004306
1760,06011,0.015684792941233823
1761,49007,0.0035563103758707213
1762,48057,0.001171163936181604
1763,27105,0.00024718730805531005
1764,16013,0.007358284278104812
1765,37079,-0.0003303663290637418
1766,13291,0.0035798974283560965
1767,21167,0.0010909144516680672
1768,56039,-0.015037195459689238
1769,37015,0.004682049906090689
1770,05029,-0.004730368968779565
1771,18075,0.002645747163620399
1772,13237,0.0011279011599920716
1773,13303,0.0023903577681016297
1774,29217,-0.004522645334703276
1775,56041,0.0053357400363980775
1776,38093,-0.01713423637414136
1777,45049,0.002084213107384653
1778,19191,0.0010748933291137859
1779,01091,0.0062302441705987446
1780,51820,0.001095183486238532
1781,31043,-0.0025294067923350523
1782,41013,0.01120813762415112
1783,37185,0.0008105543400901494
1784,19019,-0.0006722153306675722
1785,18147,-1.3962872721433707e-05
1786,01013,0.010874799357945426
1787,53049,0.008442114434213097
1788,19065,0.00019932429065468063
1789,55001,0.0024663000346018212
1790,48089,-0.002706403440539481
1791,27045,-0.0026556088854061233
1792,27091,0.0017283474146104086
1793,18049,0.0019447169994784622
1794,22029,-0.005689960828441312
1795,19027,-0.00017170206829449766
1796,21231,0.002076209086468002
1797,49041,0.007301789473172487
1798,31155,-0.0010335864944698056
1799,22041,-0.001908505994080203
1800,37115,0.0017983768018710574
1801,28153,0.015201183603608831
1802,29049,0.004227695997454817
1803,22083,-0.011361552198465177
1804,55119,0.00046359513815135117
1805,05113,-0.00045247916491287143
1806,40139,0.0035318054435870857
1807,19105,-0.0021555241255507805
1808,28025,-0.0014298939495320765
1809,55061,-0.0015229820487853594
1810,37149,0.004790693908396535
1811,35027,0.005796033235057625
1812,04012,0.00741602281853175
1813,48019,0.006649611768778746
1814,55053,0.0003807279806331578
1815,27057,-0.002607939727615184
1816,53039,0.002164610183024965
1817,22037,0.003595604556878428
1818,19021,0.0011563090614757692
1819,40091,-0.0005056957308634089
1820,31177,-0.0021477682571558504
1821,48253,-0.006473212298212966
1822,24029,-0.00033804022250748825
1823,13105,-0.003609495575822037
1824,18015,0.006049054743209531
1825,19087,-0.0016217048983596454
1826,48123,0.005305198347169191
1827,27039,0.0013759300267773588
1828,40153,-0.0049692908989391405
1829,16067,0.00717937319404312
1830,21027,-0.0017537942664418212
1831,06063,0.014049346879535558
1832,21017,0.0034464234635858152
1833,17041,-0.0002951284760898333
1834,55067,-0.0008956520968013691
1835,21003,0.0065536013400335005
1836,12059,0.0028734337984272678
1837,45081,-0.0072924326785026436
1838,19097,-0.0005434897689815567
1839,35041,-0.001909152843132595
1840,18117,-0.0032034691226596607
1841,21155,0.001972109982382484
1842,17033,0.014071767305431004
1843,48161,0.0019996883602555445
1844,48177,0.0010428922879452348
1845,20041,0.0008719688183950542
1846,01107,0.010131064757095413
1847,48337,0.0038378023531788113
1848,30053,0.009537605652403592
1849,48281,0.0028617216117216115
1850,39125,0.0024180518959478654
1851,28141,-0.0060662367471854845
1852,28031,-0.0017049216008125584
1853,28007,0.0020355489329998405
1854,46035,0.0024771767435397044
1855,48117,0.0028460731461572818
1856,18123,-0.0005184561904519068
1857,48299,0.005069777214469199
1858,13019,0.006273309332356048
1859,48285,-0.008351341251401368
1860,12079,0.0034244977558808985
1861,45061,-0.013123913784982214
1862,28159,-0.005030888573932424
1863,28051,0.002976671204744214
1864,47159,0.00726980100113207
1865,27161,-0.0004970324240563693
1866,20087,0.0067546008945933095
1867,47173,0.007259381198472562
1868,17067,-0.004189707707933641
1869,29015,-0.000491624506140837
1870,55047,0.0014709392721431198
1871,27055,0.0004386544157877856
1872,05001,0.0035618987000905775
1873,29157,0.0003741039875476816
1874,29143,0.001356139279169212
1875,19157,0.0011392860474102897
1876,21097,0.002058165548098434
1877,08089,0.0012373940481346284
1878,29229,0.0047530532048459945
1879,47075,0.0032484693652821213
1880,13229,0.0028682025930416937
1881,53001,0.007153183166509097
1882,47041,0.0009377703519280427
1883,21001,-0.005828988957760355
1884,49013,0.004112800405796307
1885,48133,0.005572864617012521
1886,17045,0.0019893255701115965
1887,51175,0.0008414318472319462
1888,48503,-0.0013131437482046863
1889,06027,0.020801195730340248
1890,47085,0.005295779648230056
1891,29163,-0.0072557731545927805
1892,05043,0.0019534982482216794
1893,19031,-0.0003818497979133377
1894,51141,0.006162623155107286
1895,51127,0.0010544601637116997
1896,13025,0.0010463169642857143
1897,51079,4.417688424451504e-05
1898,13011,0.0032786332092364103
1899,36097,0.000363364475532294
1900,13171,0.005171079114413996
1901,47171,0.0007918162986187204
1902,21147,0.00372227881827443
1903,29155,-0.007108218478815723
1904,42093,0.0013312343500723727
1905,06043,0.010836682620949585
1906,47091,0.0032322801783082034
1907,13001,-0.000635862653666808
1908,48035,0.0024589908799452173
1909,21099,0.012075471698113207
1910,29186,0.024306874287884542
1911,19043,-0.00038863904949992464
1912,05047,-0.001911453221056982
1913,55103,0.0029890050018539396
1914,05067,0.0022468729543725563
1915,05121,0.004565875318092804
1916,47049,0.0027013752455795677
1917,35028,0.0029474742463213694
1918,05037,0.000372242024996616
1919,13231,0.0048571676386104014
1920,13211,0.0032991629362134098
1921,48145,0.004582484725050916
1922,35053,0.030072383320751364
1923,51520,0.002078390619791769
1924,37199,0.009322446640882396
1925,08015,0.0030175308022748785
1926,17181,0.001635105331203894
1927,37011,0.005645086740825193
1928,28131,-0.0034112289215944857
1929,17005,0.0015730915539284387
1930,19171,-0.001123761099443646
1931,19055,0.0022932778293626808
1932,17187,-5.373022056255541e-05
1933,13017,-0.00018127201160140875
1934,29053,0.0057611135731254585
1935,01129,0.04276859724548471
1936,21207,-0.0007425261883274883
1937,54065,0.004804952083029572
1938,23021,0.0108499095840868
1939,19083,0.003809697619509302
1940,48165,0.005798177886659998
1941,26019,0.004348229231227216
1942,21161,0.0038252378513279352
1943,42105,-0.004429567642956764
1944,51193,0.004769437595899424
1945,51025,-0.009385506163615989
1946,05075,0.007489345700676862
1947,51570,0.0028174171903794358
1948,46005,0.003555488312277782
1949,18139,0.0049293708345558955
1950,28017,0.002918128875639913
1951,18121,0.010245292585275451
1952,21213,0.00028293951212051696
1953,01067,0.008622129436325678
1954,05141,0.0007687239182956292
1955,29003,0.0024142529032712833
1956,51071,0.0023224112687433734
1957,05135,0.010239226628994407
1958,01057,0.009702309709949324
1959,18045,0.002586982224602605
1960,48163,0.006992555617711605
1961,13075,0.0020668821877153003
1962,22027,0.007858418272449966
1963,48051,0.004602737523365426
1964,26079,0.010042565588230534
1965,08097,0.0059259237128817515
1966,51029,-0.0012335061979343114
1967,47023,0.00136937787746429
1968,19047,0.00017628175391067155
1969,28061,0.0013697497845005728
1970,21215,0.004774651279106385
1971,05133,0.0031799872800508796
1972,21203,0.00033936037356789925
1973,29013,0.0033505633279683053
1974,46065,0.0048392376777352366
1975,47181,0.004815409309791332
1976,12041,0.006616564935221597
1977,13163,0.0008147413875045829
1978,20005,0.0057151230949589685
1979,48415,0.001574697944303411
1980,21079,0.002053373243968216
1981,54091,0.008648505146217938
1982,19101,-0.0032395431209455965
1983,55065,0.004296489608860316
1984,17101,0.006086972757996153
1985,47139,0.012160448613441076
1986,48289,0.007740672089858304
1987,29059,0.0034023018444057367
1988,17191,-0.004581564457147661
1989,31159,-0.0015299733302594142
1990,17147,0.0004067904956306342
1991,16045,0.014807017256421494
1992,19059,-0.0003409713799845484
1993,19041,-0.00039914553289624433
1994,05089,0.0016096353895557888
1995,55023,-0.0012485865058424425
1996,13083,0.0009657623822138761
1997,48395,4.889873072866094e-05
1998,48287,0.007967088550682283
1999,54001,-0.0014651120200231977
2000,54103,0.0006216006216006216
2001,40117,0.004643103103547864
2002,17039,-0.0022905290713131684
2003,55113,0.007034324763564449
2004,25007,0.0023250678534249185
2005,32013,-0.003519066743499624
2006,20133,-0.005079706572243886
2007,13271,-0.0019674420080601656
2008,28129,0.0025678344942301696
2009,47005,0.006498294320628398
2010,17131,-0.0022711318495271917
2011,17149,0.000428798672107338
2012,26053,-0.0012598105939934548
2013,12029,-0.004636174019632072
2014,51750,0.00977066808270552
2015,35057,-0.004876099120703437
2016,54041,-0.0072058250229504895
2017,19095,0.0018603565990471045
2018,21119,-0.004524196827978853
2019,17023,-0.0042109549117092405
2020,38077,-0.010963150962187168
2021,19067,-0.0015213981837135264
2022,20139,-0.009058454127059228
2023,13241,0.0013958599388197558
2024,22049,0.0008352976176854247
2025,16049,0.009127914148266929
2026,51005,0.002011041757574608
2027,13027,0.0031305380387359103
2028,27065,-0.0004434353825960481
2029,17159,0.0013509456619633744
2030,18165,0.007721447144384462
2031,08093,0.003716415124143774
2032,27001,-0.000826928940962442
2033,55003,0.001908618818787785
2034,41001,0.015379561108976607
2035,30041,-0.005152078220173094
2036,05021,-0.0029904306220095694
2037,27127,0.0019949552854849804
2038,13133,0.0034838119246867797
2039,45009,-0.0002334967810800894
2040,21045,0.0014987177636910643
2041,18159,0.008526541938949065
2042,51101,0.0015812182129341722
2043,19145,-0.003283018867924528
2044,55129,0.004384767723463444
2045,51051,-0.004038772213247173
2046,26011,0.0002942041776993233
2047,56007,0.00236813256697091
2048,39067,-0.010876450819760138
2049,12045,0.0032224078572089805
2050,21127,-0.037349504445577705
2051,51135,0.0003798062987876183
2052,40095,0.012944686242056438
2053,53055,0.0058203281443887835
2054,01065,0.003082385744782817
2055,31131,-0.0004406600409474869
2056,27129,-0.004732194786654682
2057,05087,0.005122008878148722
2058,19121,0.0024243536856655363
2059,19079,0.000914050672684167
2060,29065,0.0012582900500477771
2061,30067,0.005013823157302844
2062,27135,-0.010333502624005418
2063,22125,0.005087779906409975
2064,29135,0.0009810791871058165
2065,37121,0.006384142567188242
2066,29121,0.006745140691881271
2067,19109,-0.0005731843680407431
2068,12125,-0.003643910158527444
2069,51077,0.0011851532618650004
2070,08071,0.0032924858604901695
2071,48371,-0.00241464164872347
2072,16047,0.018259637188208618
2073,55013,0.001027668462063921
2074,08003,-0.0001766311620189477
2075,28147,0.004617337065605789
2076,17127,0.0028238232938269593
2077,21103,-0.0010775552426654407
2078,55077,0.0023610500073324536
2079,17015,5.926101514118937e-05
2080,08051,0.005473016155021085
2081,22127,0.001289213579716373
2082,51063,0.006168177240684794
2083,18013,0.0007996953541507997
2084,27143,0.005680131681912626
2085,29073,-0.0018269186483872454
2086,48353,-0.00217068576204793
2087,40023,0.01500992793568364
2088,29117,0.0038411181729110125
2089,45017,0.001262394281887309
2090,20011,-0.011048990249155467
2091,13161,0.00424073822771068
2092,19129,-0.00014260778296236297
2093,39115,0.008649962098005212
2094,40073,0.005419378245391261
2095,40035,0.025979494511305438
2096,51125,0.0009057499088238476
2097,55007,-0.00027395823011325547
2098,21225,-0.010534167342772646
2099,51011,0.003718628592925924
2100,01029,0.015829699037091412
2101,19085,-0.002096452458246959
2102,54087,0.009929425097877602
2103,13093,-0.004471631517465741
2104,13221,0.0007530841348148242
2105,22059,-0.0047608592657645684
2106,21191,0.0008282578140686701
2107,19023,9.134575128074355e-05
2108,26113,0.005863291396275583
2109,17139,0.005764803562667471
2110,42057,0.004274510101661972
2111,08049,-0.004758236870368964
2112,48255,0.0026515847074809946
2113,12047,-0.0019695069373677197
2114,37041,0.0027136943347083687
2115,48003,0.006025006391038602
2116,12065,-0.002045420363964506
2117,55107,-0.00022912350711714894
2118,49037,0.012970414201183432
2119,13193,0.0028587339892333394
2120,17189,0.00833829146941908
2121,21065,-0.003026951510565225
2122,17125,-0.009303174024078804
2123,17193,5.225342913128674e-05
2124,39121,0.006287667787579295
2125,39111,0.002921156592540386
2126,12013,0.004352166101018167
2127,13251,0.0013916654701288946
2128,47033,0.004228783634392676
2129,48455,0.011826591043280672
2130,01075,0.005358265671560185
2131,27043,0.006402823292160323
2132,54007,-0.012200012937447442
2133,13183,-0.001086301263571305
2134,48351,0.0017404351087771943
2135,28041,-0.0014653432497442561
2136,46127,0.003464809008503422
2137,19141,0.0010135839190648505
2138,29133,-0.005705953939059953
2139,22013,-0.0004692387904066736
2140,21069,-0.00969315499606609
2141,21221,-0.0016438268288575804
2142,13191,0.000266394690373257
2143,19005,-0.005558485538222395
2144,51685,0.0022313471263153725
2145,18111,0.010151106021803214
2146,06051,0.0077180688496705134
2147,31151,0.0008406547216773534
2148,21123,0.0037687408455803696
2149,40005,0.013489003637372767
2150,55099,0.004160324708269914
2151,05079,-0.016879859195920006
2152,47153,0.00813108767803678
2153,29181,0.04486642251127975
2154,17053,-0.002951026227660068
2155,48239,-0.00034457674489834985
2156,26039,0.004959615978329068
2157,51830,-0.00010396276350847593
2158,51043,0.003948077289040534
2159,54031,0.004147274319155799
2160,48505,0.002891644555152434
2161,40063,0.00794437458391893
2162,29039,0.0034650853277261953
2163,37173,0.005885485272273759
2164,48279,0.00331799207963181
2165,48093,-0.0007050131132439063
2166,19029,-0.0025170688732970457
2167,38079,-0.011660903409883856
2168,01027,0.00747994160957262
2169,27113,-0.0014513123917235969
2170,54089,-0.00620341504328148
2171,21175,-0.002598799175553365
2172,01041,0.00763588592698013
2173,13159,0.0036627610462382186
2174,17061,-0.0013080162711474608
2175,29151,-0.00031967766840378304
2176,21135,0.00375221363070503
2177,46027,0.003364162172734639
2178,27159,0.0004155591622954547
2179,56009,0.0034415505090714554
2180,48115,0.006228986942583857
2181,51690,0.004924044002095338
2182,17025,0.004163795504860205
2183,47015,0.003496104159792899
2184,08081,0.000523135395981466
2185,05061,-0.005745672677338922
2186,06105,0.01588383421696428
2187,48389,-0.00425865825600707
2188,01119,0.0037925106775125385
2189,35007,0.0047586631233063215
2190,47061,0.008482563619227144
2191,05065,0.006094845167491034
2192,29067,0.0010473513036767543
2193,31185,0.0018968628806205123
2194,48313,0.013025874687190141
2195,17017,-0.006266752705251663
2196,21233,0.004192322808856282
2197,02150,0.0026275570922119082
2198,55011,0.005751172839048685
2199,48059,-0.0015005927755992008
2200,48487,0.001011034721821018
2201,54063,0.006062643581554322
2202,21109,-0.03656393195656268
2203,40099,0.012785513265101767
2204,02130,0.0016530673048275333
2205,37143,-0.003889371840690299
2206,39163,-0.0015043472080737248
2207,18131,0.0034280402068444598
2208,30035,-0.01308405890674997
2209,26141,0.0035186894323950163
2210,20001,-0.011485132536277688
2211,47161,0.009459577822545327
2212,27071,0.0004463353022734611
2213,51113,0.0019688282936680622
2214,56015,0.0028421512898994315
2215,16043,-0.0017869986578972735
2216,19197,-0.0020877083103071387
2217,01035,0.006939202136925847
2218,37187,0.006308310368870148
2219,05081,-0.004876138502545446
2220,37137,0.0027211856673226833
2221,28005,0.008894788718959651
2222,13023,0.0015186028853454822
2223,05041,-0.007891726290888643
2224,53051,0.0019737595714122073
2225,21033,-0.007763953855228324
2226,48343,0.003206471861226617
2227,28077,0.0012493554912148496
2228,51111,0.0006095578673602081
2229,29063,0.003341081707577651
2230,19007,0.004318911481424858
2231,12043,0.00978458685377786
2232,47007,0.01847248287856308
2233,48387,-0.004603506746518508
2234,18125,0.012835880531415444
2235,16041,0.0021133856909281252
2236,40061,0.026383809988922372
2237,18009,0.0033285330000271717
2238,16079,0.0074075166024190515
2239,29115,6.275001960938113e-05
2240,17129,-0.0023890876087768937
2241,51007,0.00887267237040765
2242,21031,0.015663084280351725
2243,28161,0.0005157637143766391
2244,20115,-0.011067076304578732
2245,48445,0.00509217323181629
2246,17123,-0.0035249939855443867
2247,13079,0.0025204839329151197
2248,21197,-0.012800819252432157
2249,51037,0.011410571653568615
2250,17087,-0.012458330726676379
2251,08099,-0.0001276057677807037
2252,19175,-0.005018004413985364
2253,49027,0.004088920238501978
2254,28065,0.0014099530424334563
2255,21219,0.0030650624441535233
2256,19075,-0.0018400508719946963
2257,27023,0.0037147178975314105
2258,19037,-0.0017721459432756472
2259,29011,-0.014278586366869433
2260,48063,-0.004987687486008507
2261,05137,0.002707898190421619
2262,51131,0.011284435913379654
2263,29017,-0.0036573902190484464
2264,51610,0.0003213541647860828
2265,51133,0.004797838825407855
2266,28111,0.013132645718397697
2267,05049,0.00168249457862858
2268,51081,0.004164685013560934
2269,29139,0.0115575004603503
2270,29123,-0.008348246969820223
2271,37073,1.5573534335749826e-05
2272,40107,-0.0012289931922062499
2273,13049,0.004214871228416952
2274,19165,0.000878563820275387
2275,21061,0.0061983067086404785
2276,47101,0.017130391834046757
2277,51735,0.00017900625953634538
2278,51183,-0.008788809035826479
2279,08007,0.003373253084597329
2280,19035,-0.004096339844490802
2281,13235,-0.0037534871924930257
2282,35051,0.002902615032866533
2283,08105,-0.00025203854707190514
2284,17185,-0.0007799399446242639
2285,40011,0.010685358255451713
2286,54023,-0.0023658048166722784
2287,13149,0.005507139642404157
2288,26071,0.009753195287018051
2289,05017,0.00461334288302332
2290,47039,0.00923335198656967
2291,47121,0.0036194112892834972
2292,21229,0.0036829934832877864
2293,30017,-0.0007947429619910179
2294,27033,0.005413752046435481
2295,48507,-0.00918424194190211
2296,01131,0.015704009685919805
2297,56003,0.006652532661013065
2298,47087,0.011275686012737015
2299,40149,0.019940729531195814
2300,22123,-0.0032516601786123198
2301,21011,-0.01025085724598448
2302,30027,0.008316477920264485
2303,19119,0.000142138329021804
2304,40127,0.0009213069075547166
2305,40103,0.0025749472776632064
2306,12037,0.007929440226788669
2307,01037,0.007432919059666488
2308,26085,0.01664074436017783
2309,48297,-0.0030680974941492095
2310,16073,0.003952399548542419
2311,05011,-0.004163666531008359
2312,38071,0.0006330869747689944
2313,30089,0.001542206132007936
2314,30043,0.005116929964509145
2315,51103,0.0006128463016246946
2316,19115,-0.00314678089011629
2317,19081,-0.0028117103938294355
2318,21131,0.00298398220870985
2319,31013,0.003126942200124301
2320,01085,0.0068428561065841335
2321,05109,0.0018369900917346927
2322,13053,-0.013684472179703547
2323,21087,-0.0009493138503689106
2324,05127,0.005184161153352424
2325,27165,0.005663213582390436
2326,22091,0.006370926316991039
2327,46079,0.001102330156361293
2328,41049,0.006305494054004702
2329,37005,-0.001931716647999698
2330,40077,0.008707737690038575
2331,51057,0.0006231745051181593
2332,38099,-0.012338538654328128
2333,26097,0.022897861200725605
2334,13005,-0.0036006439822469758
2335,53059,0.0076382799349237725
2336,38003,-0.005070021102249993
2337,31145,0.0013641190903431355
2338,17035,-0.0029142154997118404
2339,13099,-0.00691387614943191
2340,13109,-0.0031190856321170663
2341,13043,0.0027952041128147974
2342,27121,-0.0005391131588536857
2343,16021,0.006664946297795852
2344,21171,0.002244969996470173
2345,51119,-0.0022570899522463697
2346,40069,0.005843724811530985
2347,19077,0.0036106692316229512
2348,26001,0.0035878713761599884
2349,31041,0.005554651257426549
2350,01011,0.020247980889546126
2351,48379,-0.0006139622232655568
2352,29149,0.018046757096252385
2353,27075,-0.002005492129389379
2354,19189,-0.006243972764199924
2355,21187,-0.0046331923806199275
2356,48403,0.013310981057450034
2357,21041,0.003953296941339572
2358,28143,-0.036309181469946716
2359,19131,-0.0005179430262671106
2360,48077,-0.0013748681633268043
2361,19137,-0.0031409210070732553
2362,18025,-0.003359559572577324
2363,19069,-0.002733998070119009
2364,48475,0.009400754062260186
2365,29093,-0.004232947189480676
2366,18155,-0.003588756257219869
2367,48159,0.001897408271981804
2368,13317,0.0038612544209740743
2369,37043,0.008918816707286326
2370,53043,0.0030309070974873825
2371,48315,-0.010005890990301847
2372,40105,0.002504225881174482
2373,31037,-0.0021202945924456472
2374,19107,0.0027558397556727353
2375,48399,0.003795149188623277
2376,48031,0.006826615697583439
2377,13281,0.0025415074373749463
2378,54085,0.0044551367726989215
2379,05105,0.012726686918899015
2380,27173,-0.0008763953857782938
2381,05077,0.004431012543173968
2382,45005,-0.0013319274099561575
2383,19161,0.004590715117030906
2384,18101,0.003091145457171746
2385,19063,0.0027768136063866713
2386,21053,-0.0010457088141914025
2387,48369,0.0009258909338271419
2388,27063,-0.002086168539600531
2389,29079,-0.002266304804006603
2390,28155,0.0023349962544428685
2391,56035,-0.0006933515292253173
2392,49023,0.011678162337637302
2393,48357,-0.0077392974207860146
2394,29111,0.0020978830452906615
2395,16087,0.026296031049300006
2396,25019,0.004040292264554242
2397,16081,-0.0005781497571498308
2398,29173,-0.004049923969828819
2399,37103,0.01171334006243985
2400,46109,0.010372707283429617
2401,29089,0.006173848439821694
2402,22021,-0.006132598751043913
2403,20117,-0.009970521935148257
2404,46019,-0.001405942450089043
2405,21169,0.00802520859641462
2406,20159,0.0009227743741018077
2407,13173,0.004543366601244415
2408,30009,-0.003403537447117168
2409,51049,0.004989447903910789
2410,08125,0.0011973703904118262
2411,32033,0.006806259707528646
2412,31033,-0.016383477856186306
2413,48127,-0.003377301981775314
2414,20013,-0.0018358507574258514
2415,37029,-0.0030601611860762664
2416,13167,-0.0036669483900869707
2417,16085,0.015188910440307088
2418,19091,-0.0018383202002752862
2419,29185,0.008676020598552131
2420,27151,-0.006259682806916994
2421,26119,0.0033028650433981105
2422,30083,-0.003912098676644275
2423,27149,-0.008219387885336986
2424,29153,0.018853832193215132
2425,17079,0.006416907869586587
2426,27133,-0.008004207432169565
2427,06049,0.0122425025814743
2428,19025,0.001987004533567815
2429,20151,-0.004787574459705607
2430,20107,-0.0014312694258831102
2431,02261,-0.0005701976685250887
2432,48429,-0.004320674716563739
2433,29085,0.014222886606872048
2434,26003,-0.0003525242592352079
2435,27117,-0.003129802042845521
2436,31179,-0.0023789523632423005
2437,19089,0.00012025425184676172
2438,13319,-0.005462775089745591
2439,13155,-0.0020822816759212518
2440,21149,-0.008094674006457157
2441,21139,0.002397199179377397
2442,02180,-0.00534411989907992
2443,05097,-0.0022947025712436505
2444,49029,0.007412432730755052
2445,40075,0.0075916390206175076
2446,27089,0.005378247763050864
2447,13141,0.004642012637128348
2448,29025,0.006656600074313588
2449,40085,0.006828139208068116
2450,19147,0.0006672640268430785
2451,20205,0.0019102956978548971
2452,48335,-0.0013137231215269388
2453,54015,-0.00264894560447787
2454,19073,0.006093812925242163
2455,21055,-0.010052801372594034
2456,13273,-0.003978176858376904
2457,55041,-0.00020147479550308256
2458,30023,0.0018137148637907363
2459,29033,0.002623701152348039
2460,19039,0.0019679772128954297
2461,16009,0.012797256811160004
2462,13315,-0.005385382922595372
2463,51159,-0.0007324963883858629
2464,30001,-0.010362651415139238
2465,19133,0.005754217516152189
2466,48043,-0.006965741321324745
2467,49019,0.007140134481667592
2468,54095,-0.01987413050679033
2469,31137,-0.0034197638767497675
2470,31045,0.0011970426006337285
2471,29125,-0.0006052222030088189
2472,31039,-0.0038513092563574923
2473,46023,-0.001005862450849903
2474,31081,-0.005620158130087785
2475,13209,0.00011821943345609967
2476,30095,-0.0020735908402536238
2477,22081,-0.006859642211928986
2478,08019,0.003923464311565012
2479,48009,0.006086647832325055
2480,01063,0.022165772114557298
2481,48237,-0.003928504478658114
2482,35037,0.0008148018151277359
2483,13289,-0.0011838630361533558
2484,05099,0.016524731941931783
2485,51115,0.002067316071808974
2486,30021,0.0009540493194987198
2487,38055,-0.008049885327643454
2488,29081,-0.011345139458321605
2489,13287,0.0024258620242326753
2490,13269,-0.0030236834635368457
2491,19117,0.007172838249103395
2492,48083,-0.006880878732403257
2493,02220,-0.0017548990933021352
2494,40151,0.00989587370488076
2495,12067,0.007343763161723602
2496,48405,0.002999283878849151
2497,37075,0.002140979621830926
2498,26013,0.004563863869914767
2499,18007,0.0099863627089888
2500,31027,0.011144741948001552
2501,29137,0.01301752550787444
2502,21223,0.005980353573936462
2503,16035,0.003043262377268432
2504,19051,0.0005587777620596972
2505,13197,-0.00635643330179754
2506,28009,-0.001756461268236728
2507,13253,-0.0038760137044770264
2508,27101,-0.009792702785968927
2509,54075,0.0012650372350582395
2510,05117,0.023805999273304713
2511,31107,0.01236789787590248
2512,27029,0.00981846272692159
2513,54021,-0.019821899221783814
2514,05025,0.0027383968519217295
2515,56031,0.0002666417177340132
2516,26135,0.016854390012213324
2517,20031,0.0007989274169850132
2518,21077,0.008483989749241251
2519,51620,-0.0066965295687977915
2520,56019,0.004134538092828009
2521,21091,0.0025301750447949277
2522,28019,-0.0011398593715666887
2523,20027,0.017590526857731253
2524,56043,0.002215536105032823
2525,48193,0.008638528197204225
2526,18171,0.004491084530214772
2527,48425,-0.0006320979330397589
2528,21023,0.0015831731312902862
2529,26153,-0.0015937633762283362
2530,17065,-0.0016
2531,19053,0.0031354073592721955
2532,29203,0.01687255197348599
2533,04011,0.005765902082831826
2534,29061,0.006831198104745037
2535,47083,0.0024328492375697897
2536,38057,-0.014032537286931818
2537,31023,-0.004439793706555049
2538,13003,-0.0046352642618535875
2539,31101,-0.001795129122082915
2540,12077,-0.004679625629949604
2541,31147,0.0022677436887381225
2542,46125,0.0002482205687974334
2543,13165,0.006965352986114232
2544,05101,0.0018247200612393855
2545,21143,0.0002008510131817776
2546,48307,0.020797853483570945
2547,08063,0.011828104022674158
2548,08021,0.008515076511153661
2549,21007,-0.0016754026950049066
2550,46033,0.007322770289052355
2551,54017,-0.004457474496664373
2552,05129,-0.007522582555901081
2553,05095,0.0018548916611950098
2554,38097,-0.01184769829067559
2555,28037,0.003344021656521204
2556,05039,0.0016277423920736023
2557,20003,0.0029012250756061306
2558,48069,-0.00011425959780621572
2559,13181,0.0034169028216566553
2560,40141,0.01045232907978006
2561,19135,0.003109312616599223
2562,20043,0.005889955295663044
2563,16059,0.011682720125251013
2564,47135,0.012280248190279215
2565,20193,-0.0023913809595730758
2566,41037,-0.0015290975345784556
2567,21129,0.02947737149088746
2568,29057,-0.005925526900545418
2569,48501,0.009144718298831856
2570,47169,0.005103340883352209
2571,47027,0.005726791156198229
2572,20095,-0.004146414257695915
2573,48437,0.003140571268159169
2574,31121,0.0016363453923755567
2575,47095,-0.008888135018234246
2576,29041,0.009160347595062821
2577,20067,0.015859934260332914
2578,16077,0.007031197722839039
2579,22035,0.008490304413678349
2580,13243,0.008432342949768067
2581,42053,-0.004698258404212232
2582,54071,0.0026359806059579514
2583,30057,-0.005824607329842932
2584,19001,0.005736734375430255
2585,38061,-0.02343885317221775
2586,05073,0.02193461003047519
2587,54013,-0.006711623893381061
2588,54073,-0.005533165487598243
2589,19195,-0.001683532490347137
2590,19177,0.00048582995951417006
2591,53019,0.0038010622288187747
2592,31095,-0.004555024430290913
2593,17169,0.017108951715294977
2594,40093,-0.007155834457237759
2595,18161,0.011003900314844692
2596,55091,-0.0027310000425610397
2597,41023,0.0012966201434926293
2598,19071,0.0008859252202905453
2599,41025,0.009231156049639913
2600,13309,-0.004490384854591138
2601,38067,-0.01654626250589608
2602,48391,-0.0010939286957386506
2603,51157,0.0036109934690056393
2604,30105,0.005367185885585671
2605,08113,1.6248233004660743e-05
2606,46067,-0.005927078967850087
2607,17071,0.004241862162285436
2608,19151,0.004586896999463686
2609,08065,0.003996194100856327
2610,31139,0.0015831693858760093
2611,05147,-0.012692593280118805
2612,27073,-0.0003407991057431465
2613,51036,0.0012867548043833453
2614,31127,-0.005117136343793956
2615,48047,-0.009859091522982038
2616,48175,0.003452940860451373
2617,56045,-0.0008825541115989674
2618,48017,0.0007725829621313633
2619,54093,-0.0019047095775757076
2620,29045,0.017629071365693194
2621,21181,0.0018146410551473844
2622,49025,0.013986556694274739
2623,48495,0.01645326666161578
2624,46047,0.0071352374762453106
2625,19093,0.0005332977801479901
2626,56011,0.0015123363436028172
2627,46009,-0.004666126378349174
2628,51181,0.005920199139957723
2629,20197,0.018514905300126824
2630,51678,-0.0030610109978077157
2631,51640,0.007315756861020608
2632,48075,-0.008059573424859034
2633,16015,0.010812279474162188
2634,30077,0.01121420183447415
2635,41063,0.004960347941267842
2636,50013,-0.008304100438073819
2637,16029,0.007922248489624376
2638,51097,0.0004091456077015644
2639,31173,-0.007976848197842673
2640,13283,-0.005581079831025871
2641,13263,-0.006954235415158328
2642,31021,0.005321386120508366
2643,21057,0.006533990362364216
2644,27107,-0.005857655583395409
2645,22023,0.010314900103149002
2646,51021,-0.0006280968664945216
2647,47067,-0.010895731982546768
2648,21075,-0.0002859798384213913
2649,13065,0.0019664236505919338
2650,26131,-0.01552818104818937
2651,32027,0.002450835209098448
2652,29075,0.0018503629134404634
2653,17047,0.009043206430724572
2654,29211,-0.008173004659552082
2655,08055,0.00272800503631699
2656,48111,0.0021349394864834297
2657,29179,0.01806126508420634
2658,13037,-0.0074466438509295406
2659,20073,0.005889896926803781
2660,31003,0.012887437215682017
2661,08103,-0.006162889076902525
2662,38005,-0.015003868846116646
2663,51530,0.006108431974280287
2664,26095,0.00874476225177628
2665,27167,0.0014988406757204373
2666,31035,0.0010519446365433878
2667,08011,0.008155835220594558
2668,20053,0.00897018115561162
2669,31099,-0.002929432073793789
2670,46101,0.013724786779766933
2671,40067,0.011668673892680316
2672,19143,0.0011481831689855464
2673,42113,0.002932907218997148
2674,19185,0.006713469137223309
2675,29205,0.0034047189404514656
2676,47127,0.0070892908114279785
2677,38053,-0.001319271794049242
2678,19173,0.0018682584071628323
2679,50009,-0.009694357046541086
2680,21165,0.0020654860664341586
2681,31093,0.009816070433281565
2682,40055,0.0040818752848395985
2683,40033,0.0023003517312001898
2684,48065,0.0007178338645303931
2685,30073,0.0075372237121982795
2686,48411,0.019829081448290816
2687,31167,0.00402673965680598
2688,18115,0.0041438358206285515
2689,13201,0.001041779280386048
2690,19009,0.003001200480192077
2691,08109,0.006431868296665759
2692,20143,-0.014101453460390798
2693,30099,0.0011513612710223988
2694,48107,0.0008398758444403871
2695,13259,-0.004179637329385898
2696,20077,0.03533996945278348
2697,27051,-0.0019492878192534382
2698,17155,-0.0014895201617193318
2699,20069,0.011457674696534905
2700,31051,0.0019419811645012717
2701,17175,-0.010714867727741866
2702,16007,0.009301778447757553
2703,51580,0.0054256510781293755
2704,51595,0.008975947637657675
2705,40029,0.02061583190167834
2706,20127,0.02466314025120268
2707,55051,6.081697469338109e-05
2708,48305,0.0027887544249608955
2709,46057,-0.005298416922112099
2710,48207,-0.007925024662939822
2711,27081,-1.2800491538875093e-05
2712,31059,0.004921755391839544
2713,13301,0.005590412527994803
2714,08025,-0.0033015853695645557
2715,30015,-0.005439674655649167
2716,37095,0.012174454114507004
2717,32015,-0.004967661811906259
2718,54105,-0.0010585974398228072
2719,46037,0.0029529588500397655
2720,29005,-0.021004509018036074
2721,40003,0.0074026536125248125
2722,40007,0.0032605001882824052
2723,46087,0.017334619093539054
2724,30007,0.006224412486359118
2725,47175,-0.0006077012319761339
2726,31011,0.013207998781469634
2727,08073,0.002940997915668908
2728,08047,0.004005885772036299
2729,27087,-0.007064817732955142
2730,48483,0.020314990754319966
2731,31143,0.0015652933931905764
2732,38049,0.0050366494814714155
2733,05013,0.0009488116134541487
2734,32017,0.0012606816778763363
2735,30101,0.001252855774191171
2736,27011,0.006269628276137727
2737,22107,0.0027488075026275366
2738,48119,-0.008091988234063084
2739,31097,-0.0039023637174517138
2740,16063,0.01525047791774913
2741,51045,0.004424641851542436
2742,27031,-0.0025568844022879275
2743,46077,-0.00044350112459213734
2744,19159,-0.00451264429106062
2745,21039,0.006989373035050797
2746,17013,-0.007591532593166687
2747,42023,-0.032351142404616666
2748,47137,0.006377197360394831
2749,31123,-0.0021659234576370855
2750,13249,0.0024509803921568627
2751,29171,-0.0030850650246428976
2752,48333,0.018210752910508107
2753,21105,0.006536941319550015
2754,36041,0.001096366476009226
2755,08121,0.01377138858851218
2756,56017,-0.0009456351312602571
2757,48317,0.0017756665561605637
2758,32021,0.0008285874334796004
2759,51017,0.0012013285280192212
2760,35019,-0.00490487623998649
2761,48267,-0.0018535989788556523
2762,27069,-0.009573080726293011
2763,40053,0.008860794058216373
2764,31129,0.018005277408895713
2765,17151,-0.03329620394162247
2766,08095,0.002177270655154348
2767,20185,0.009766328079758345
2768,08091,0.0017230327008741738
2769,55037,0.008064648184840099
2770,37177,-0.0041772375951383564
2771,48103,2.104126191461456e-05
2772,16037,0.014536534985799121
2773,46039,0.013397487001121748
2774,16071,0.011785392507338623
2775,08027,0.006138043342101967
2776,55078,0.0047299135639689415
2777,30061,0.004537253624210358
2778,40045,0.002014680398427704
2779,27125,-0.007814755452907388
2780,53013,-0.0023903490926845145
2781,46045,-0.012834740651387214
2782,27077,-0.0012852769577104933
2783,13101,-0.012860761686188755
2784,19003,0.0030415157209554623
2785,32029,0.003239202657807309
2786,53069,0.00820537277958469
2787,20093,-0.02453057511208006
2788,16003,0.029508422863448992
2789,48151,0.012907664038668682
2790,51720,-0.007819725889178508
2791,20183,-0.009816150550463691
2792,16061,-0.0038111007229672347
2793,02195,-0.00029002845904254357
2794,31181,0.0051067609073751985
2795,08009,0.0112933584296854
2796,29129,0.025580049126210553
2797,48129,-0.006184601300788776
2798,30097,0.0015236451524824966
2799,48271,0.005136347780063272
2800,27155,-1.9138389695890986e-05
2801,38029,0.01383884194831014
2802,08023,0.003360366774916208
2803,13007,-0.011947030590412305
2804,48417,0.0064522861267152475
2805,48383,-0.0038452352519703845
2806,48191,-0.00013375540594765705
2807,46061,-0.013589360560397964
2808,20207,0.0016074842147946475
2809,48385,0.004569588054197705
2810,06091,-0.005094417887246235
2811,13061,-0.006260810251163244
2812,31017,0.003330755349316834
2813,13125,0.0032926540068224522
2814,30039,0.008043979809569406
2815,46117,-0.010486227318746688
2816,40057,0.0033221237134413535
2817,13307,-0.01032421246263509
2818,20017,0.01265438149382474
2819,31133,0.010607436557186822
2820,31063,-0.00014554499986768637
2821,13239,-0.0056247372464881635
2822,02100,0.0040997416601145685
2823,38075,0.007310208355347211
2824,08115,-0.0005174605990715278
2825,02275,0.008795612739928285
2826,38001,0.002733459779091822
2827,51091,0.00972681156047843
2828,21201,0.0077421480342631235
2829,53023,-0.006377514624054787
2830,49033,0.02429225924875763
2831,26083,-0.024922383966694373
2832,30045,0.0008234212888933749
2833,08033,0.00403579823840947
2834,32011,-0.003978218548091302
2835,48011,0.0029314585248304474
2836,30059,0.007930437413845274
2837,41021,-0.0015735822407811108
2838,08017,0.00543221777068209
2839,41055,0.007441590391638525
2840,13265,0.014807799275395
2841,41069,-0.0003412163048898921
2842,08061,0.012213889635293256
2843,08057,-0.0026727216821589915
2844,06003,-0.0018260434372900614
2845,16025,0.014237877519479683
2846,49009,0.009593142605369356
2847,08053,0.0035720688662280583
2848,08079,0.0057740561569444146
2849,08111,0.0026166681092741908
